id,name,department,salary,city,status,years,manager_id
1,Alice 0,Engineering,70593,New York,Active,10,1
2,Bob 1,Marketing,127467,London,Inactive,19,1
3,Carol 2,HR,63054,Paris,On Leave,14,1
4,Dave 3,Finance,65031,Berlin,Active,20,1
5,Eve 4,Sales,128120,Tokyo,Inactive,8,1
6,Frank 5,Legal,117447,Sydney,On Leave,18,1
7,Grace 6,DevOps,108365,Mumbai,Active,13,1
8,Heidi 7,Engineering,143066,Toronto,Inactive,19,1
9,Ivan 8,Marketing,104660,New York,On Leave,16,1
10,Judy 9,HR,112346,London,Active,6,1
11,Karl 10,Finance,51482,Paris,Inactive,20,2
12,Lisa 11,Sales,54876,Berlin,On Leave,14,2
13,Mike 12,Legal,47159,Tokyo,Active,20,2
14,Nina 13,DevOps,79939,Sydney,Inactive,12,2
15,Oscar 14,Engineering,60532,Mumbai,On Leave,8,2
16,Pat 15,Marketing,76559,Toronto,Active,12,2
17,Quinn 16,HR,73939,New York,Inactive,7,2
18,Ruth 17,Finance,105400,London,On Leave,14,2
19,Sam 18,Sales,60245,Paris,Active,12,2
20,Tara 19,Legal,118783,Berlin,Inactive,2,2
21,Uma 20,DevOps,79944,Tokyo,On Leave,19,3
22,Vic 21,Engineering,97847,Sydney,Active,3,3
23,Wanda 22,Marketing,48294,Mumbai,Inactive,11,3
24,Xavi 23,HR,138075,Toronto,On Leave,17,3
25,Yara 24,Finance,78992,New York,Active,13,3
26,Zoe 25,Sales,56428,London,Inactive,11,3
27,Aaron 26,Legal,61209,Paris,On Leave,2,3
28,Beth 27,DevOps,69446,Berlin,Active,18,3
29,Carlos 28,Engineering,102681,Tokyo,Inactive,3,3
30,Dana 29,Marketing,92386,Sydney,On Leave,4,3
31,Alice 30,HR,79448,Mumbai,Active,8,4
32,Bob 31,Finance,141253,Toronto,Inactive,12,4
33,Carol 32,Sales,92636,New York,On Leave,12,4
34,Dave 33,Legal,136316,London,Active,19,4
35,Eve 34,DevOps,92208,Paris,Inactive,1,4
36,Frank 35,Engineering,107071,Berlin,On Leave,3,4
37,Grace 36,Marketing,99233,Tokyo,Active,2,4
38,Heidi 37,HR,74917,Sydney,Inactive,3,4
39,Ivan 38,Finance,78597,Mumbai,On Leave,3,4
40,Judy 39,Sales,104178,Toronto,Active,14,4
41,Karl 40,Legal,131519,New York,Inactive,18,5
42,Lisa 41,DevOps,109812,London,On Leave,5,5
43,Mike 42,Engineering,67012,Paris,Active,13,5
44,Nina 43,Marketing,77843,Berlin,Inactive,5,5
45,Oscar 44,HR,143962,Tokyo,On Leave,7,5
46,Pat 45,Finance,125282,Sydney,Active,6,5
47,Quinn 46,Sales,108931,Mumbai,Inactive,5,5
48,Ruth 47,Legal,66522,Toronto,On Leave,20,5
49,Sam 48,DevOps,81394,New York,Active,6,5
50,Tara 49,Engineering,102199,London,Inactive,10,5
51,Uma 50,Marketing,121429,Paris,On Leave,11,6
52,Vic 51,HR,117931,Berlin,Active,19,6
53,Wanda 52,Finance,75720,Tokyo,Inactive,17,6
54,Xavi 53,Sales,110918,Sydney,On Leave,13,6
55,Yara 54,Legal,115325,Mumbai,Active,8,6
56,Zoe 55,DevOps,116126,Toronto,Inactive,7,6
57,Aaron 56,Engineering,55063,New York,On Leave,2,6
58,Beth 57,Marketing,111828,London,Active,15,6
59,Carlos 58,HR,109086,Paris,Inactive,16,6
60,Dana 59,Finance,64561,Berlin,On Leave,9,6
61,Alice 60,Sales,120437,Tokyo,Active,1,7
62,Bob 61,Legal,95933,Sydney,Inactive,17,7
63,Carol 62,DevOps,79355,Mumbai,On Leave,19,7
64,Dave 63,Engineering,139867,Toronto,Active,4,7
65,Eve 64,Marketing,59123,New York,Inactive,2,7
66,Frank 65,HR,69700,London,On Leave,13,7
67,Grace 66,Finance,108862,Paris,Active,1,7
68,Heidi 67,Sales,79024,Berlin,Inactive,19,7
69,Ivan 68,Legal,54015,Tokyo,On Leave,9,7
70,Judy 69,DevOps,123325,Sydney,Active,18,7
71,Karl 70,Engineering,131268,Mumbai,Inactive,14,8
72,Lisa 71,Marketing,146736,Toronto,On Leave,7,8
73,Mike 72,HR,74117,New York,Active,12,8
74,Nina 73,Finance,63148,London,Inactive,1,8
75,Oscar 74,Sales,58467,Paris,On Leave,10,8
76,Pat 75,Legal,98805,Berlin,Active,7,8
77,Quinn 76,DevOps,61285,Tokyo,Inactive,17,8
78,Ruth 77,Engineering,57073,Sydney,On Leave,11,8
79,Sam 78,Marketing,71111,Mumbai,Active,20,8
80,Tara 79,HR,105501,Toronto,Inactive,3,8
81,Uma 80,Finance,75583,New York,On Leave,5,9
82,Vic 81,Sales,117859,London,Active,9,9
83,Wanda 82,Legal,108220,Paris,Inactive,4,9
84,Xavi 83,DevOps,88189,Berlin,On Leave,4,9
85,Yara 84,Engineering,66526,Tokyo,Active,6,9
86,Zoe 85,Marketing,143951,Sydney,Inactive,10,9
87,Aaron 86,HR,88567,Mumbai,On Leave,14,9
88,Beth 87,Finance,52044,Toronto,Active,12,9
89,Carlos 88,Sales,96031,New York,Inactive,15,9
90,Dana 89,Legal,76808,London,On Leave,1,9
91,Alice 90,DevOps,111969,Paris,Active,12,10
92,Bob 91,Engineering,147225,Berlin,Inactive,14,10
93,Carol 92,Marketing,80240,Tokyo,On Leave,6,10
94,Dave 93,HR,116062,Sydney,Active,2,10
95,Eve 94,Finance,53481,Mumbai,Inactive,3,10
96,Frank 95,Sales,140723,Toronto,On Leave,12,10
97,Grace 96,Legal,45816,New York,Active,15,10
98,Heidi 97,DevOps,92079,London,Inactive,6,10
99,Ivan 98,Engineering,84103,Paris,On Leave,1,10
100,Judy 99,Marketing,117606,Berlin,Active,4,10
101,Karl 100,HR,143058,Tokyo,Inactive,5,11
102,Lisa 101,Finance,49558,Sydney,On Leave,15,11
103,Mike 102,Sales,116360,Mumbai,Active,15,11
104,Nina 103,Legal,126401,Toronto,Inactive,4,11
105,Oscar 104,DevOps,94685,New York,On Leave,14,11
106,Pat 105,Engineering,91185,London,Active,6,11
107,Quinn 106,Marketing,127055,Paris,Inactive,16,11
108,Ruth 107,HR,149318,Berlin,On Leave,15,11
109,Sam 108,Finance,108403,Tokyo,Active,11,11
110,Tara 109,Sales,134332,Sydney,Inactive,2,11
111,Uma 110,Legal,45179,Mumbai,On Leave,8,12
112,Vic 111,DevOps,90444,Toronto,Active,6,12
113,Wanda 112,Engineering,139359,New York,Inactive,7,12
114,Xavi 113,Marketing,120883,London,On Leave,3,12
115,Yara 114,HR,116330,Paris,Active,13,12
116,Zoe 115,Finance,137113,Berlin,Inactive,14,12
117,Aaron 116,Sales,118600,Tokyo,On Leave,20,12
118,Beth 117,Legal,97153,Sydney,Active,6,12
119,Carlos 118,DevOps,73827,Mumbai,Inactive,3,12
120,Dana 119,Engineering,66685,Toronto,On Leave,17,12
121,Alice 120,Marketing,141767,New York,Active,10,13
122,Bob 121,HR,51131,London,Inactive,5,13
123,Carol 122,Finance,94384,Paris,On Leave,13,13
124,Dave 123,Sales,92490,Berlin,Active,8,13
125,Eve 124,Legal,108130,Tokyo,Inactive,17,13
126,Frank 125,DevOps,142324,Sydney,On Leave,10,13
127,Grace 126,Engineering,57432,Mumbai,Active,4,13
128,Heidi 127,Marketing,149620,Toronto,Inactive,10,13
129,Ivan 128,HR,52809,New York,On Leave,6,13
130,Judy 129,Finance,48342,London,Active,3,13
131,Karl 130,Sales,148118,Paris,Inactive,4,14
132,Lisa 131,Legal,101847,Berlin,On Leave,19,14
133,Mike 132,DevOps,145792,Tokyo,Active,2,14
134,Nina 133,Engineering,71565,Sydney,Inactive,7,14
135,Oscar 134,Marketing,123336,Mumbai,On Leave,13,14
136,Pat 135,HR,68897,Toronto,Active,13,14
137,Quinn 136,Finance,121294,New York,Inactive,13,14
138,Ruth 137,Sales,74848,London,On Leave,17,14
139,Sam 138,Legal,55624,Paris,Active,20,14
140,Tara 139,DevOps,136562,Berlin,Inactive,5,14
141,Uma 140,Engineering,58900,Tokyo,On Leave,8,15
142,Vic 141,Marketing,55936,Sydney,Active,13,15
143,Wanda 142,HR,80306,Mumbai,Inactive,19,15
144,Xavi 143,Finance,47335,Toronto,On Leave,11,15
145,Yara 144,Sales,121450,New York,Active,6,15
146,Zoe 145,Legal,107305,London,Inactive,16,15
147,Aaron 146,DevOps,134362,Paris,On Leave,7,15
148,Beth 147,Engineering,114091,Berlin,Active,12,15
149,Carlos 148,Marketing,104430,Tokyo,Inactive,14,15
150,Dana 149,HR,100015,Sydney,On Leave,14,15
151,Alice 150,Finance,65887,Mumbai,Active,4,16
152,Bob 151,Sales,67747,Toronto,Inactive,14,16
153,Carol 152,Legal,76740,New York,On Leave,20,16
154,Dave 153,DevOps,113956,London,Active,13,16
155,Eve 154,Engineering,64021,Paris,Inactive,3,16
156,Frank 155,Marketing,86637,Berlin,On Leave,11,16
157,Grace 156,HR,113033,Tokyo,Active,7,16
158,Heidi 157,Finance,69064,Sydney,Inactive,18,16
159,Ivan 158,Sales,113273,Mumbai,On Leave,6,16
160,Judy 159,Legal,110817,Toronto,Active,11,16
161,Karl 160,DevOps,140124,New York,Inactive,18,17
162,Lisa 161,Engineering,86541,London,On Leave,20,17
163,Mike 162,Marketing,52022,Paris,Active,13,17
164,Nina 163,HR,84727,Berlin,Inactive,5,17
165,Oscar 164,Finance,79382,Tokyo,On Leave,16,17
166,Pat 165,Sales,84441,Sydney,Active,18,17
167,Quinn 166,Legal,89163,Mumbai,Inactive,17,17
168,Ruth 167,DevOps,67523,Toronto,On Leave,14,17
169,Sam 168,Engineering,141111,New York,Active,12,17
170,Tara 169,Marketing,149990,London,Inactive,8,17
171,Uma 170,HR,104472,Paris,On Leave,9,18
172,Vic 171,Finance,132798,Berlin,Active,3,18
173,Wanda 172,Sales,139904,Tokyo,Inactive,10,18
174,Xavi 173,Legal,81161,Sydney,On Leave,7,18
175,Yara 174,DevOps,138174,Mumbai,Active,7,18
176,Zoe 175,Engineering,86637,Toronto,Inactive,14,18
177,Aaron 176,Marketing,126614,New York,On Leave,3,18
178,Beth 177,HR,86441,London,Active,4,18
179,Carlos 178,Finance,65555,Paris,Inactive,11,18
180,Dana 179,Sales,129257,Berlin,On Leave,14,18
181,Alice 180,Legal,77025,Tokyo,Active,2,19
182,Bob 181,DevOps,80173,Sydney,Inactive,4,19
183,Carol 182,Engineering,143751,Mumbai,On Leave,3,19
184,Dave 183,Marketing,124703,Toronto,Active,12,19
185,Eve 184,HR,84889,New York,Inactive,9,19
186,Frank 185,Finance,52936,London,On Leave,15,19
187,Grace 186,Sales,137977,Paris,Active,19,19
188,Heidi 187,Legal,49446,Berlin,Inactive,9,19
189,Ivan 188,DevOps,105384,Tokyo,On Leave,16,19
190,Judy 189,Engineering,78733,Sydney,Active,20,19
191,Karl 190,Marketing,81270,Mumbai,Inactive,19,20
192,Lisa 191,HR,91715,Toronto,On Leave,15,20
193,Mike 192,Finance,46240,New York,Active,19,20
194,Nina 193,Sales,99946,London,Inactive,6,20
195,Oscar 194,Legal,125510,Paris,On Leave,8,20
196,Pat 195,DevOps,108716,Berlin,Active,10,20
197,Quinn 196,Engineering,137742,Tokyo,Inactive,20,20
198,Ruth 197,Marketing,83061,Sydney,On Leave,13,20
199,Sam 198,HR,100994,Mumbai,Active,17,20
200,Tara 199,Finance,141515,Toronto,Inactive,3,20
201,Uma 200,Sales,76672,New York,On Leave,10,21
202,Vic 201,Legal,95151,London,Active,3,21
203,Wanda 202,DevOps,108025,Paris,Inactive,11,21
204,Xavi 203,Engineering,64307,Berlin,On Leave,18,21
205,Yara 204,Marketing,149356,Tokyo,Active,11,21
206,Zoe 205,HR,110408,Sydney,Inactive,5,21
207,Aaron 206,Finance,144858,Mumbai,On Leave,6,21
208,Beth 207,Sales,108533,Toronto,Active,5,21
209,Carlos 208,Legal,134015,New York,Inactive,5,21
210,Dana 209,DevOps,69785,London,On Leave,15,21
211,Alice 210,Engineering,141303,Paris,Active,4,22
212,Bob 211,Marketing,129132,Berlin,Inactive,16,22
213,Carol 212,HR,59122,Tokyo,On Leave,15,22
214,Dave 213,Finance,69672,Sydney,Active,1,22
215,Eve 214,Sales,54974,Mumbai,Inactive,13,22
216,Frank 215,Legal,127539,Toronto,On Leave,3,22
217,Grace 216,DevOps,78629,New York,Active,19,22
218,Heidi 217,Engineering,120151,London,Inactive,14,22
219,Ivan 218,Marketing,114386,Paris,On Leave,3,22
220,Judy 219,HR,136856,Berlin,Active,18,22
221,Karl 220,Finance,136942,Tokyo,Inactive,10,23
222,Lisa 221,Sales,79493,Sydney,On Leave,15,23
223,Mike 222,Legal,137332,Mumbai,Active,14,23
224,Nina 223,DevOps,72620,Toronto,Inactive,15,23
225,Oscar 224,Engineering,95897,New York,On Leave,8,23
226,Pat 225,Marketing,59846,London,Active,17,23
227,Quinn 226,HR,98198,Paris,Inactive,12,23
228,Ruth 227,Finance,87143,Berlin,On Leave,18,23
229,Sam 228,Sales,77841,Tokyo,Active,16,23
230,Tara 229,Legal,137643,Sydney,Inactive,7,23
231,Uma 230,DevOps,54758,Mumbai,On Leave,14,24
232,Vic 231,Engineering,124801,Toronto,Active,17,24
233,Wanda 232,Marketing,75131,New York,Inactive,7,24
234,Xavi 233,HR,141095,London,On Leave,5,24
235,Yara 234,Finance,68271,Paris,Active,17,24
236,Zoe 235,Sales,126187,Berlin,Inactive,1,24
237,Aaron 236,Legal,67477,Tokyo,On Leave,20,24
238,Beth 237,DevOps,110503,Sydney,Active,18,24
239,Carlos 238,Engineering,78523,Mumbai,Inactive,2,24
240,Dana 239,Marketing,142072,Toronto,On Leave,7,24
241,Alice 240,HR,108211,New York,Active,8,25
242,Bob 241,Finance,112547,London,Inactive,2,25
243,Carol 242,Sales,86980,Paris,On Leave,5,25
244,Dave 243,Legal,47911,Berlin,Active,1,25
245,Eve 244,DevOps,96071,Tokyo,Inactive,15,25
246,Frank 245,Engineering,141962,Sydney,On Leave,4,25
247,Grace 246,Marketing,138198,Mumbai,Active,8,25
248,Heidi 247,HR,50860,Toronto,Inactive,11,25
249,Ivan 248,Finance,125791,New York,On Leave,18,25
250,Judy 249,Sales,116031,London,Active,12,25
251,Karl 250,Legal,100317,Paris,Inactive,9,26
252,Lisa 251,DevOps,100989,Berlin,On Leave,13,26
253,Mike 252,Engineering,146390,Tokyo,Active,12,26
254,Nina 253,Marketing,89087,Sydney,Inactive,5,26
255,Oscar 254,HR,94340,Mumbai,On Leave,9,26
256,Pat 255,Finance,142722,Toronto,Active,5,26
257,Quinn 256,Sales,48653,New York,Inactive,19,26
258,Ruth 257,Legal,79127,London,On Leave,17,26
259,Sam 258,DevOps,148348,Paris,Active,18,26
260,Tara 259,Engineering,61289,Berlin,Inactive,8,26
261,Uma 260,Marketing,107355,Tokyo,On Leave,20,27
262,Vic 261,HR,54973,Sydney,Active,2,27
263,Wanda 262,Finance,69435,Mumbai,Inactive,16,27
264,Xavi 263,Sales,84791,Toronto,On Leave,10,27
265,Yara 264,Legal,79715,New York,Active,15,27
266,Zoe 265,DevOps,118524,London,Inactive,7,27
267,Aaron 266,Engineering,116285,Paris,On Leave,5,27
268,Beth 267,Marketing,56081,Berlin,Active,16,27
269,Carlos 268,HR,88026,Tokyo,Inactive,10,27
270,Dana 269,Finance,127260,Sydney,On Leave,7,27
271,Alice 270,Sales,49071,Mumbai,Active,1,28
272,Bob 271,Legal,51056,Toronto,Inactive,12,28
273,Carol 272,DevOps,140672,New York,On Leave,18,28
274,Dave 273,Engineering,141224,London,Active,2,28
275,Eve 274,Marketing,139663,Paris,Inactive,14,28
276,Frank 275,HR,80869,Berlin,On Leave,8,28
277,Grace 276,Finance,61686,Tokyo,Active,12,28
278,Heidi 277,Sales,56348,Sydney,Inactive,7,28
279,Ivan 278,Legal,51626,Mumbai,On Leave,15,28
280,Judy 279,DevOps,102515,Toronto,Active,11,28
281,Karl 280,Engineering,124056,New York,Inactive,8,29
282,Lisa 281,Marketing,68525,London,On Leave,10,29
283,Mike 282,HR,110720,Paris,Active,9,29
284,Nina 283,Finance,71070,Berlin,Inactive,11,29
285,Oscar 284,Sales,103220,Tokyo,On Leave,20,29
286,Pat 285,Legal,110821,Sydney,Active,18,29
287,Quinn 286,DevOps,66333,Mumbai,Inactive,17,29
288,Ruth 287,Engineering,56154,Toronto,On Leave,19,29
289,Sam 288,Marketing,98244,New York,Active,17,29
290,Tara 289,HR,102546,London,Inactive,19,29
291,Uma 290,Finance,55080,Paris,On Leave,4,30
292,Vic 291,Sales,68417,Berlin,Active,20,30
293,Wanda 292,Legal,97996,Tokyo,Inactive,18,30
294,Xavi 293,DevOps,56076,Sydney,On Leave,5,30
295,Yara 294,Engineering,111395,Mumbai,Active,20,30
296,Zoe 295,Marketing,77362,Toronto,Inactive,4,30
297,Aaron 296,HR,74251,New York,On Leave,10,30
298,Beth 297,Finance,108229,London,Active,19,30
299,Carlos 298,Sales,123783,Paris,Inactive,20,30
300,Dana 299,Legal,63204,Berlin,On Leave,5,30
301,Alice 300,DevOps,59102,Tokyo,Active,9,31
302,Bob 301,Engineering,79215,Sydney,Inactive,13,31
303,Carol 302,Marketing,147225,Mumbai,On Leave,13,31
304,Dave 303,HR,134871,Toronto,Active,17,31
305,Eve 304,Finance,70246,New York,Inactive,12,31
306,Frank 305,Sales,108798,London,On Leave,15,31
307,Grace 306,Legal,115474,Paris,Active,16,31
308,Heidi 307,DevOps,146570,Berlin,Inactive,16,31
309,Ivan 308,Engineering,68412,Tokyo,On Leave,5,31
310,Judy 309,Marketing,79110,Sydney,Active,3,31
311,Karl 310,HR,101958,Mumbai,Inactive,3,32
312,Lisa 311,Finance,79593,Toronto,On Leave,15,32
313,Mike 312,Sales,126611,New York,Active,7,32
314,Nina 313,Legal,114414,London,Inactive,16,32
315,Oscar 314,DevOps,48638,Paris,On Leave,9,32
316,Pat 315,Engineering,101235,Berlin,Active,14,32
317,Quinn 316,Marketing,131895,Tokyo,Inactive,13,32
318,Ruth 317,HR,129528,Sydney,On Leave,14,32
319,Sam 318,Finance,58557,Mumbai,Active,14,32
320,Tara 319,Sales,102625,Toronto,Inactive,18,32
321,Uma 320,Legal,61075,New York,On Leave,11,33
322,Vic 321,DevOps,143166,London,Active,20,33
323,Wanda 322,Engineering,133671,Paris,Inactive,13,33
324,Xavi 323,Marketing,92529,Berlin,On Leave,15,33
325,Yara 324,HR,81316,Tokyo,Active,8,33
326,Zoe 325,Finance,52461,Sydney,Inactive,15,33
327,Aaron 326,Sales,144442,Mumbai,On Leave,5,33
328,Beth 327,Legal,117717,Toronto,Active,14,33
329,Carlos 328,DevOps,85707,New York,Inactive,18,33
330,Dana 329,Engineering,147270,London,On Leave,1,33
331,Alice 330,Marketing,131713,Paris,Active,2,34
332,Bob 331,HR,59841,Berlin,Inactive,17,34
333,Carol 332,Finance,139702,Tokyo,On Leave,10,34
334,Dave 333,Sales,128526,Sydney,Active,16,34
335,Eve 334,Legal,86355,Mumbai,Inactive,16,34
336,Frank 335,DevOps,122858,Toronto,On Leave,3,34
337,Grace 336,Engineering,111769,New York,Active,15,34
338,Heidi 337,Marketing,103516,London,Inactive,5,34
339,Ivan 338,HR,128390,Paris,On Leave,12,34
340,Judy 339,Finance,76447,Berlin,Active,17,34
341,Karl 340,Sales,121448,Tokyo,Inactive,6,35
342,Lisa 341,Legal,50958,Sydney,On Leave,20,35
343,Mike 342,DevOps,123292,Mumbai,Active,13,35
344,Nina 343,Engineering,112648,Toronto,Inactive,2,35
345,Oscar 344,Marketing,49859,New York,On Leave,14,35
346,Pat 345,HR,107343,London,Active,19,35
347,Quinn 346,Finance,120830,Paris,Inactive,6,35
348,Ruth 347,Sales,140068,Berlin,On Leave,18,35
349,Sam 348,Legal,74910,Tokyo,Active,12,35
350,Tara 349,DevOps,101858,Sydney,Inactive,13,35
351,Uma 350,Engineering,74433,Mumbai,On Leave,1,36
352,Vic 351,Marketing,102725,Toronto,Active,9,36
353,Wanda 352,HR,116285,New York,Inactive,9,36
354,Xavi 353,Finance,92191,London,On Leave,12,36
355,Yara 354,Sales,110648,Paris,Active,1,36
356,Zoe 355,Legal,139733,Berlin,Inactive,3,36
357,Aaron 356,DevOps,61393,Tokyo,On Leave,15,36
358,Beth 357,Engineering,88084,Sydney,Active,7,36
359,Carlos 358,Marketing,50350,Mumbai,Inactive,5,36
360,Dana 359,HR,128601,Toronto,On Leave,16,36
361,Alice 360,Finance,86547,New York,Active,1,37
362,Bob 361,Sales,110525,London,Inactive,6,37
363,Carol 362,Legal,135352,Paris,On Leave,5,37
364,Dave 363,DevOps,94292,Berlin,Active,11,37
365,Eve 364,Engineering,74877,Tokyo,Inactive,13,37
366,Frank 365,Marketing,81830,Sydney,On Leave,14,37
367,Grace 366,HR,114467,Mumbai,Active,10,37
368,Heidi 367,Finance,137558,Toronto,Inactive,19,37
369,Ivan 368,Sales,110850,New York,On Leave,11,37
370,Judy 369,Legal,108460,London,Active,9,37
371,Karl 370,DevOps,143866,Paris,Inactive,19,38
372,Lisa 371,Engineering,141025,Berlin,On Leave,14,38
373,Mike 372,Marketing,53388,Tokyo,Active,19,38
374,Nina 373,HR,69649,Sydney,Inactive,14,38
375,Oscar 374,Finance,131843,Mumbai,On Leave,2,38
376,Pat 375,Sales,77567,Toronto,Active,13,38
377,Quinn 376,Legal,92177,New York,Inactive,5,38
378,Ruth 377,DevOps,120776,London,On Leave,18,38
379,Sam 378,Engineering,46847,Paris,Active,4,38
380,Tara 379,Marketing,134123,Berlin,Inactive,15,38
381,Uma 380,HR,134596,Tokyo,On Leave,2,39
382,Vic 381,Finance,92572,Sydney,Active,18,39
383,Wanda 382,Sales,82159,Mumbai,Inactive,15,39
384,Xavi 383,Legal,48996,Toronto,On Leave,9,39
385,Yara 384,DevOps,142995,New York,Active,17,39
386,Zoe 385,Engineering,118554,London,Inactive,7,39
387,Aaron 386,Marketing,81227,Paris,On Leave,8,39
388,Beth 387,HR,62600,Berlin,Active,15,39
389,Carlos 388,Finance,53325,Tokyo,Inactive,5,39
390,Dana 389,Sales,64882,Sydney,On Leave,8,39
391,Alice 390,Legal,98733,Mumbai,Active,16,40
392,Bob 391,DevOps,125544,Toronto,Inactive,2,40
393,Carol 392,Engineering,96463,New York,On Leave,12,40
394,Dave 393,Marketing,148273,London,Active,15,40
395,Eve 394,HR,135773,Paris,Inactive,8,40
396,Frank 395,Finance,54206,Berlin,On Leave,10,40
397,Grace 396,Sales,93891,Tokyo,Active,17,40
398,Heidi 397,Legal,123449,Sydney,Inactive,14,40
399,Ivan 398,DevOps,131049,Mumbai,On Leave,11,40
400,Judy 399,Engineering,104296,Toronto,Active,6,40
401,Karl 400,Marketing,71522,New York,Inactive,14,41
402,Lisa 401,HR,104071,London,On Leave,14,41
403,Mike 402,Finance,71641,Paris,Active,20,41
404,Nina 403,Sales,77148,Berlin,Inactive,2,41
405,Oscar 404,Legal,121655,Tokyo,On Leave,19,41
406,Pat 405,DevOps,121602,Sydney,Active,18,41
407,Quinn 406,Engineering,117793,Mumbai,Inactive,18,41
408,Ruth 407,Marketing,85326,Toronto,On Leave,4,41
409,Sam 408,HR,68414,New York,Active,9,41
410,Tara 409,Finance,100161,London,Inactive,11,41
411,Uma 410,Sales,93621,Paris,On Leave,19,42
412,Vic 411,Legal,129480,Berlin,Active,11,42
413,Wanda 412,DevOps,74697,Tokyo,Inactive,9,42
414,Xavi 413,Engineering,94318,Sydney,On Leave,4,42
415,Yara 414,Marketing,73661,Mumbai,Active,11,42
416,Zoe 415,HR,148554,Toronto,Inactive,9,42
417,Aaron 416,Finance,54054,New York,On Leave,3,42
418,Beth 417,Sales,45380,London,Active,15,42
419,Carlos 418,Legal,114092,Paris,Inactive,11,42
420,Dana 419,DevOps,87993,Berlin,On Leave,3,42
421,Alice 420,Engineering,50013,Tokyo,Active,13,43
422,Bob 421,Marketing,54335,Sydney,Inactive,14,43
423,Carol 422,HR,60009,Mumbai,On Leave,15,43
424,Dave 423,Finance,98843,Toronto,Active,20,43
425,Eve 424,Sales,142477,New York,Inactive,4,43
426,Frank 425,Legal,63709,London,On Leave,14,43
427,Grace 426,DevOps,52242,Paris,Active,3,43
428,Heidi 427,Engineering,137613,Berlin,Inactive,20,43
429,Ivan 428,Marketing,106016,Tokyo,On Leave,16,43
430,Judy 429,HR,61858,Sydney,Active,7,43
431,Karl 430,Finance,77038,Mumbai,Inactive,12,44
432,Lisa 431,Sales,115668,Toronto,On Leave,9,44
433,Mike 432,Legal,114123,New York,Active,15,44
434,Nina 433,DevOps,79022,London,Inactive,8,44
435,Oscar 434,Engineering,137318,Paris,On Leave,4,44
436,Pat 435,Marketing,149638,Berlin,Active,1,44
437,Quinn 436,HR,148028,Tokyo,Inactive,9,44
438,Ruth 437,Finance,113697,Sydney,On Leave,3,44
439,Sam 438,Sales,130653,Mumbai,Active,19,44
440,Tara 439,Legal,78745,Toronto,Inactive,18,44
441,Uma 440,DevOps,128046,New York,On Leave,4,45
442,Vic 441,Engineering,139245,London,Active,11,45
443,Wanda 442,Marketing,61495,Paris,Inactive,9,45
444,Xavi 443,HR,146108,Berlin,On Leave,3,45
445,Yara 444,Finance,70969,Tokyo,Active,8,45
446,Zoe 445,Sales,108218,Sydney,Inactive,19,45
447,Aaron 446,Legal,66251,Mumbai,On Leave,16,45
448,Beth 447,DevOps,115902,Toronto,Active,2,45
449,Carlos 448,Engineering,57332,New York,Inactive,15,45
450,Dana 449,Marketing,104447,London,On Leave,1,45
451,Alice 450,HR,129115,Paris,Active,4,46
452,Bob 451,Finance,117115,Berlin,Inactive,15,46
453,Carol 452,Sales,51561,Tokyo,On Leave,1,46
454,Dave 453,Legal,97873,Sydney,Active,13,46
455,Eve 454,DevOps,45259,Mumbai,Inactive,15,46
456,Frank 455,Engineering,55713,Toronto,On Leave,18,46
457,Grace 456,Marketing,117258,New York,Active,8,46
458,Heidi 457,HR,109565,London,Inactive,13,46
459,Ivan 458,Finance,142340,Paris,On Leave,2,46
460,Judy 459,Sales,112275,Berlin,Active,20,46
461,Karl 460,Legal,143176,Tokyo,Inactive,2,47
462,Lisa 461,DevOps,55456,Sydney,On Leave,7,47
463,Mike 462,Engineering,73985,Mumbai,Active,16,47
464,Nina 463,Marketing,68117,Toronto,Inactive,10,47
465,Oscar 464,HR,71836,New York,On Leave,6,47
466,Pat 465,Finance,58434,London,Active,12,47
467,Quinn 466,Sales,114478,Paris,Inactive,1,47
468,Ruth 467,Legal,90637,Berlin,On Leave,6,47
469,Sam 468,DevOps,145051,Tokyo,Active,13,47
470,Tara 469,Engineering,77732,Sydney,Inactive,11,47
471,Uma 470,Marketing,53789,Mumbai,On Leave,5,48
472,Vic 471,HR,66986,Toronto,Active,3,48
473,Wanda 472,Finance,100083,New York,Inactive,19,48
474,Xavi 473,Sales,139857,London,On Leave,19,48
475,Yara 474,Legal,126773,Paris,Active,16,48
476,Zoe 475,DevOps,77801,Berlin,Inactive,4,48
477,Aaron 476,Engineering,149729,Tokyo,On Leave,16,48
478,Beth 477,Marketing,117129,Sydney,Active,3,48
479,Carlos 478,HR,127278,Mumbai,Inactive,11,48
480,Dana 479,Finance,50009,Toronto,On Leave,1,48
481,Alice 480,Sales,120008,New York,Active,12,49
482,Bob 481,Legal,118891,London,Inactive,5,49
483,Carol 482,DevOps,102334,Paris,On Leave,12,49
484,Dave 483,Engineering,123833,Berlin,Active,12,49
485,Eve 484,Marketing,140874,Tokyo,Inactive,20,49
486,Frank 485,HR,61118,Sydney,On Leave,2,49
487,Grace 486,Finance,136236,Mumbai,Active,15,49
488,Heidi 487,Sales,70814,Toronto,Inactive,10,49
489,Ivan 488,Legal,76768,New York,On Leave,17,49
490,Judy 489,DevOps,107076,London,Active,20,49
491,Karl 490,Engineering,107181,Paris,Inactive,13,50
492,Lisa 491,Marketing,114365,Berlin,On Leave,6,50
493,Mike 492,HR,119945,Tokyo,Active,2,50
494,Nina 493,Finance,68078,Sydney,Inactive,14,50
495,Oscar 494,Sales,49288,Mumbai,On Leave,14,50
496,Pat 495,Legal,47095,Toronto,Active,9,50
497,Quinn 496,DevOps,123577,New York,Inactive,4,50
498,Ruth 497,Engineering,82737,London,On Leave,10,50
499,Sam 498,Marketing,118721,Paris,Active,10,50
500,Tara 499,HR,98961,Berlin,Inactive,7,50
501,Uma 500,Finance,124149,Tokyo,On Leave,10,51
502,Vic 501,Sales,137654,Sydney,Active,12,51
503,Wanda 502,Legal,117853,Mumbai,Inactive,1,51
504,Xavi 503,DevOps,114983,Toronto,On Leave,16,51
505,Yara 504,Engineering,51812,New York,Active,13,51
506,Zoe 505,Marketing,148154,London,Inactive,6,51
507,Aaron 506,HR,92444,Paris,On Leave,9,51
508,Beth 507,Finance,49346,Berlin,Active,10,51
509,Carlos 508,Sales,113643,Tokyo,Inactive,14,51
510,Dana 509,Legal,76859,Sydney,On Leave,10,51
511,Alice 510,DevOps,96563,Mumbai,Active,3,52
512,Bob 511,Engineering,130903,Toronto,Inactive,10,52
513,Carol 512,Marketing,86551,New York,On Leave,16,52
514,Dave 513,HR,88691,London,Active,16,52
515,Eve 514,Finance,131780,Paris,Inactive,17,52
516,Frank 515,Sales,65832,Berlin,On Leave,18,52
517,Grace 516,Legal,106520,Tokyo,Active,8,52
518,Heidi 517,DevOps,76104,Sydney,Inactive,2,52
519,Ivan 518,Engineering,134210,Mumbai,On Leave,11,52
520,Judy 519,Marketing,46153,Toronto,Active,6,52
521,Karl 520,HR,149244,New York,Inactive,14,53
522,Lisa 521,Finance,109830,London,On Leave,11,53
523,Mike 522,Sales,135180,Paris,Active,11,53
524,Nina 523,Legal,138887,Berlin,Inactive,20,53
525,Oscar 524,DevOps,61133,Tokyo,On Leave,6,53
526,Pat 525,Engineering,146760,Sydney,Active,9,53
527,Quinn 526,Marketing,128974,Mumbai,Inactive,15,53
528,Ruth 527,HR,66586,Toronto,On Leave,19,53
529,Sam 528,Finance,100196,New York,Active,13,53
530,Tara 529,Sales,68374,London,Inactive,4,53
531,Uma 530,Legal,48028,Paris,On Leave,3,54
532,Vic 531,DevOps,68598,Berlin,Active,13,54
533,Wanda 532,Engineering,134880,Tokyo,Inactive,14,54
534,Xavi 533,Marketing,91012,Sydney,On Leave,19,54
535,Yara 534,HR,142803,Mumbai,Active,6,54
536,Zoe 535,Finance,65122,Toronto,Inactive,13,54
537,Aaron 536,Sales,71579,New York,On Leave,13,54
538,Beth 537,Legal,86905,London,Active,7,54
539,Carlos 538,DevOps,47156,Paris,Inactive,8,54
540,Dana 539,Engineering,84189,Berlin,On Leave,20,54
541,Alice 540,Marketing,54900,Tokyo,Active,13,55
542,Bob 541,HR,148781,Sydney,Inactive,18,55
543,Carol 542,Finance,71264,Mumbai,On Leave,14,55
544,Dave 543,Sales,132510,Toronto,Active,12,55
545,Eve 544,Legal,104031,New York,Inactive,11,55
546,Frank 545,DevOps,76640,London,On Leave,14,55
547,Grace 546,Engineering,125113,Paris,Active,10,55
548,Heidi 547,Marketing,85796,Berlin,Inactive,15,55
549,Ivan 548,HR,130395,Tokyo,On Leave,12,55
550,Judy 549,Finance,149411,Sydney,Active,20,55
551,Karl 550,Sales,139623,Mumbai,Inactive,13,56
552,Lisa 551,Legal,56448,Toronto,On Leave,9,56
553,Mike 552,DevOps,56323,New York,Active,14,56
554,Nina 553,Engineering,70486,London,Inactive,5,56
555,Oscar 554,Marketing,62777,Paris,On Leave,6,56
556,Pat 555,HR,140324,Berlin,Active,3,56
557,Quinn 556,Finance,124379,Tokyo,Inactive,12,56
558,Ruth 557,Sales,76614,Sydney,On Leave,13,56
559,Sam 558,Legal,47080,Mumbai,Active,16,56
560,Tara 559,DevOps,77776,Toronto,Inactive,7,56
561,Uma 560,Engineering,62879,New York,On Leave,8,57
562,Vic 561,Marketing,69638,London,Active,17,57
563,Wanda 562,HR,55369,Paris,Inactive,8,57
564,Xavi 563,Finance,99875,Berlin,On Leave,18,57
565,Yara 564,Sales,114513,Tokyo,Active,14,57
566,Zoe 565,Legal,120571,Sydney,Inactive,20,57
567,Aaron 566,DevOps,149932,Mumbai,On Leave,16,57
568,Beth 567,Engineering,67991,Toronto,Active,9,57
569,Carlos 568,Marketing,85475,New York,Inactive,9,57
570,Dana 569,HR,126723,London,On Leave,18,57
571,Alice 570,Finance,55477,Paris,Active,17,58
572,Bob 571,Sales,98459,Berlin,Inactive,17,58
573,Carol 572,Legal,68762,Tokyo,On Leave,19,58
574,Dave 573,DevOps,46454,Sydney,Active,3,58
575,Eve 574,Engineering,132337,Mumbai,Inactive,8,58
576,Frank 575,Marketing,52806,Toronto,On Leave,7,58
577,Grace 576,HR,98755,New York,Active,18,58
578,Heidi 577,Finance,89242,London,Inactive,2,58
579,Ivan 578,Sales,74658,Paris,On Leave,1,58
580,Judy 579,Legal,71512,Berlin,Active,1,58
581,Karl 580,DevOps,119914,Tokyo,Inactive,10,59
582,Lisa 581,Engineering,78827,Sydney,On Leave,15,59
583,Mike 582,Marketing,87972,Mumbai,Active,10,59
584,Nina 583,HR,55420,Toronto,Inactive,5,59
585,Oscar 584,Finance,102492,New York,On Leave,4,59
586,Pat 585,Sales,86578,London,Active,12,59
587,Quinn 586,Legal,104294,Paris,Inactive,14,59
588,Ruth 587,DevOps,87728,Berlin,On Leave,20,59
589,Sam 588,Engineering,51519,Tokyo,Active,19,59
590,Tara 589,Marketing,96011,Sydney,Inactive,4,59
591,Uma 590,HR,45331,Mumbai,On Leave,2,60
592,Vic 591,Finance,101794,Toronto,Active,8,60
593,Wanda 592,Sales,115478,New York,Inactive,6,60
594,Xavi 593,Legal,139197,London,On Leave,8,60
595,Yara 594,DevOps,98607,Paris,Active,3,60
596,Zoe 595,Engineering,126162,Berlin,Inactive,5,60
597,Aaron 596,Marketing,88861,Tokyo,On Leave,9,60
598,Beth 597,HR,145476,Sydney,Active,10,60
599,Carlos 598,Finance,147366,Mumbai,Inactive,17,60
600,Dana 599,Sales,104179,Toronto,On Leave,14,60
601,Alice 600,Legal,147428,New York,Active,6,61
602,Bob 601,DevOps,68038,London,Inactive,20,61
603,Carol 602,Engineering,72267,Paris,On Leave,8,61
604,Dave 603,Marketing,91220,Berlin,Active,18,61
605,Eve 604,HR,148574,Tokyo,Inactive,1,61
606,Frank 605,Finance,91032,Sydney,On Leave,15,61
607,Grace 606,Sales,47245,Mumbai,Active,17,61
608,Heidi 607,Legal,135545,Toronto,Inactive,11,61
609,Ivan 608,DevOps,149453,New York,On Leave,7,61
610,Judy 609,Engineering,70295,London,Active,2,61
611,Karl 610,Marketing,84456,Paris,Inactive,6,62
612,Lisa 611,HR,101879,Berlin,On Leave,15,62
613,Mike 612,Finance,72650,Tokyo,Active,15,62
614,Nina 613,Sales,69750,Sydney,Inactive,6,62
615,Oscar 614,Legal,90851,Mumbai,On Leave,10,62
616,Pat 615,DevOps,80599,Toronto,Active,15,62
617,Quinn 616,Engineering,121147,New York,Inactive,1,62
618,Ruth 617,Marketing,89572,London,On Leave,6,62
619,Sam 618,HR,128012,Paris,Active,10,62
620,Tara 619,Finance,138100,Berlin,Inactive,6,62
621,Uma 620,Sales,107509,Tokyo,On Leave,18,63
622,Vic 621,Legal,94867,Sydney,Active,15,63
623,Wanda 622,DevOps,78472,Mumbai,Inactive,5,63
624,Xavi 623,Engineering,78525,Toronto,On Leave,14,63
625,Yara 624,Marketing,111215,New York,Active,19,63
626,Zoe 625,HR,147174,London,Inactive,15,63
627,Aaron 626,Finance,67057,Paris,On Leave,1,63
628,Beth 627,Sales,138745,Berlin,Active,2,63
629,Carlos 628,Legal,58017,Tokyo,Inactive,3,63
630,Dana 629,DevOps,80519,Sydney,On Leave,5,63
631,Alice 630,Engineering,70910,Mumbai,Active,17,64
632,Bob 631,Marketing,134898,Toronto,Inactive,1,64
633,Carol 632,HR,57579,New York,On Leave,12,64
634,Dave 633,Finance,46655,London,Active,16,64
635,Eve 634,Sales,66257,Paris,Inactive,12,64
636,Frank 635,Legal,146158,Berlin,On Leave,3,64
637,Grace 636,DevOps,45244,Tokyo,Active,12,64
638,Heidi 637,Engineering,88749,Sydney,Inactive,15,64
639,Ivan 638,Marketing,149373,Mumbai,On Leave,2,64
640,Judy 639,HR,140009,Toronto,Active,11,64
641,Karl 640,Finance,89068,New York,Inactive,8,65
642,Lisa 641,Sales,53325,London,On Leave,14,65
643,Mike 642,Legal,89370,Paris,Active,4,65
644,Nina 643,DevOps,90507,Berlin,Inactive,19,65
645,Oscar 644,Engineering,95683,Tokyo,On Leave,1,65
646,Pat 645,Marketing,141709,Sydney,Active,20,65
647,Quinn 646,HR,109423,Mumbai,Inactive,16,65
648,Ruth 647,Finance,140316,Toronto,On Leave,14,65
649,Sam 648,Sales,110210,New York,Active,9,65
650,Tara 649,Legal,134839,London,Inactive,4,65
651,Uma 650,DevOps,51059,Paris,On Leave,12,66
652,Vic 651,Engineering,70987,Berlin,Active,14,66
653,Wanda 652,Marketing,131763,Tokyo,Inactive,20,66
654,Xavi 653,HR,113454,Sydney,On Leave,1,66
655,Yara 654,Finance,58685,Mumbai,Active,15,66
656,Zoe 655,Sales,148915,Toronto,Inactive,4,66
657,Aaron 656,Legal,51636,New York,On Leave,16,66
658,Beth 657,DevOps,97178,London,Active,18,66
659,Carlos 658,Engineering,120054,Paris,Inactive,3,66
660,Dana 659,Marketing,85512,Berlin,On Leave,18,66
661,Alice 660,HR,78228,Tokyo,Active,4,67
662,Bob 661,Finance,122669,Sydney,Inactive,15,67
663,Carol 662,Sales,128260,Mumbai,On Leave,20,67
664,Dave 663,Legal,53520,Toronto,Active,2,67
665,Eve 664,DevOps,108377,New York,Inactive,15,67
666,Frank 665,Engineering,109646,London,On Leave,10,67
667,Grace 666,Marketing,92104,Paris,Active,18,67
668,Heidi 667,HR,115088,Berlin,Inactive,5,67
669,Ivan 668,Finance,147280,Tokyo,On Leave,14,67
670,Judy 669,Sales,143209,Sydney,Active,16,67
671,Karl 670,Legal,84280,Mumbai,Inactive,12,68
672,Lisa 671,DevOps,119170,Toronto,On Leave,1,68
673,Mike 672,Engineering,132732,New York,Active,2,68
674,Nina 673,Marketing,103425,London,Inactive,19,68
675,Oscar 674,HR,56023,Paris,On Leave,16,68
676,Pat 675,Finance,64358,Berlin,Active,12,68
677,Quinn 676,Sales,106820,Tokyo,Inactive,3,68
678,Ruth 677,Legal,72896,Sydney,On Leave,5,68
679,Sam 678,DevOps,83567,Mumbai,Active,6,68
680,Tara 679,Engineering,140812,Toronto,Inactive,19,68
681,Uma 680,Marketing,64459,New York,On Leave,17,69
682,Vic 681,HR,83893,London,Active,6,69
683,Wanda 682,Finance,107198,Paris,Inactive,6,69
684,Xavi 683,Sales,65559,Berlin,On Leave,9,69
685,Yara 684,Legal,126039,Tokyo,Active,15,69
686,Zoe 685,DevOps,99055,Sydney,Inactive,12,69
687,Aaron 686,Engineering,71186,Mumbai,On Leave,4,69
688,Beth 687,Marketing,49848,Toronto,Active,11,69
689,Carlos 688,HR,96789,New York,Inactive,1,69
690,Dana 689,Finance,48325,London,On Leave,20,69
691,Alice 690,Sales,77553,Paris,Active,4,70
692,Bob 691,Legal,86096,Berlin,Inactive,9,70
693,Carol 692,DevOps,138288,Tokyo,On Leave,7,70
694,Dave 693,Engineering,82485,Sydney,Active,4,70
695,Eve 694,Marketing,124939,Mumbai,Inactive,1,70
696,Frank 695,HR,45197,Toronto,On Leave,12,70
697,Grace 696,Finance,45696,New York,Active,3,70
698,Heidi 697,Sales,121498,London,Inactive,1,70
699,Ivan 698,Legal,56884,Paris,On Leave,11,70
700,Judy 699,DevOps,142120,Berlin,Active,2,70
701,Karl 700,Engineering,60466,Tokyo,Inactive,11,71
702,Lisa 701,Marketing,120462,Sydney,On Leave,16,71
703,Mike 702,HR,119829,Mumbai,Active,4,71
704,Nina 703,Finance,63100,Toronto,Inactive,6,71
705,Oscar 704,Sales,146852,New York,On Leave,2,71
706,Pat 705,Legal,66475,London,Active,19,71
707,Quinn 706,DevOps,58205,Paris,Inactive,11,71
708,Ruth 707,Engineering,134761,Berlin,On Leave,4,71
709,Sam 708,Marketing,98893,Tokyo,Active,7,71
710,Tara 709,HR,63790,Sydney,Inactive,14,71
711,Uma 710,Finance,149117,Mumbai,On Leave,18,72
712,Vic 711,Sales,90831,Toronto,Active,20,72
713,Wanda 712,Legal,125132,New York,Inactive,6,72
714,Xavi 713,DevOps,145178,London,On Leave,15,72
715,Yara 714,Engineering,100744,Paris,Active,20,72
716,Zoe 715,Marketing,51385,Berlin,Inactive,17,72
717,Aaron 716,HR,61766,Tokyo,On Leave,15,72
718,Beth 717,Finance,72947,Sydney,Active,19,72
719,Carlos 718,Sales,108007,Mumbai,Inactive,4,72
720,Dana 719,Legal,74831,Toronto,On Leave,9,72
721,Alice 720,DevOps,130165,New York,Active,18,73
722,Bob 721,Engineering,66016,London,Inactive,3,73
723,Carol 722,Marketing,83272,Paris,On Leave,15,73
724,Dave 723,HR,83995,Berlin,Active,16,73
725,Eve 724,Finance,49712,Tokyo,Inactive,10,73
726,Frank 725,Sales,67915,Sydney,On Leave,19,73
727,Grace 726,Legal,57349,Mumbai,Active,4,73
728,Heidi 727,DevOps,112514,Toronto,Inactive,10,73
729,Ivan 728,Engineering,118504,New York,On Leave,17,73
730,Judy 729,Marketing,49900,London,Active,4,73
731,Karl 730,HR,103960,Paris,Inactive,19,74
732,Lisa 731,Finance,132519,Berlin,On Leave,8,74
733,Mike 732,Sales,45658,Tokyo,Active,13,74
734,Nina 733,Legal,59475,Sydney,Inactive,3,74
735,Oscar 734,DevOps,120624,Mumbai,On Leave,2,74
736,Pat 735,Engineering,120048,Toronto,Active,20,74
737,Quinn 736,Marketing,80438,New York,Inactive,16,74
738,Ruth 737,HR,122020,London,On Leave,20,74
739,Sam 738,Finance,122694,Paris,Active,13,74
740,Tara 739,Sales,52669,Berlin,Inactive,20,74
741,Uma 740,Legal,123218,Tokyo,On Leave,8,75
742,Vic 741,DevOps,93694,Sydney,Active,5,75
743,Wanda 742,Engineering,135777,Mumbai,Inactive,2,75
744,Xavi 743,Marketing,70682,Toronto,On Leave,18,75
745,Yara 744,HR,132815,New York,Active,9,75
746,Zoe 745,Finance,131750,London,Inactive,9,75
747,Aaron 746,Sales,60576,Paris,On Leave,10,75
748,Beth 747,Legal,92229,Berlin,Active,12,75
749,Carlos 748,DevOps,91506,Tokyo,Inactive,18,75
750,Dana 749,Engineering,81378,Sydney,On Leave,13,75
751,Alice 750,Marketing,73021,Mumbai,Active,2,76
752,Bob 751,HR,64874,Toronto,Inactive,18,76
753,Carol 752,Finance,73514,New York,On Leave,4,76
754,Dave 753,Sales,130147,London,Active,4,76
755,Eve 754,Legal,48159,Paris,Inactive,19,76
756,Frank 755,DevOps,58109,Berlin,On Leave,20,76
757,Grace 756,Engineering,101618,Tokyo,Active,14,76
758,Heidi 757,Marketing,64055,Sydney,Inactive,18,76
759,Ivan 758,HR,112034,Mumbai,On Leave,17,76
760,Judy 759,Finance,60661,Toronto,Active,18,76
761,Karl 760,Sales,90034,New York,Inactive,8,77
762,Lisa 761,Legal,101071,London,On Leave,5,77
763,Mike 762,DevOps,130479,Paris,Active,13,77
764,Nina 763,Engineering,123493,Berlin,Inactive,13,77
765,Oscar 764,Marketing,110160,Tokyo,On Leave,1,77
766,Pat 765,HR,72538,Sydney,Active,14,77
767,Quinn 766,Finance,85116,Mumbai,Inactive,19,77
768,Ruth 767,Sales,113926,Toronto,On Leave,1,77
769,Sam 768,Legal,68435,New York,Active,19,77
770,Tara 769,DevOps,147208,London,Inactive,2,77
771,Uma 770,Engineering,126748,Paris,On Leave,10,78
772,Vic 771,Marketing,100471,Berlin,Active,10,78
773,Wanda 772,HR,127829,Tokyo,Inactive,16,78
774,Xavi 773,Finance,77679,Sydney,On Leave,17,78
775,Yara 774,Sales,86906,Mumbai,Active,12,78
776,Zoe 775,Legal,89326,Toronto,Inactive,8,78
777,Aaron 776,DevOps,103604,New York,On Leave,6,78
778,Beth 777,Engineering,58649,London,Active,13,78
779,Carlos 778,Marketing,145519,Paris,Inactive,12,78
780,Dana 779,HR,113160,Berlin,On Leave,11,78
781,Alice 780,Finance,144481,Tokyo,Active,1,79
782,Bob 781,Sales,127108,Sydney,Inactive,10,79
783,Carol 782,Legal,130390,Mumbai,On Leave,5,79
784,Dave 783,DevOps,55650,Toronto,Active,6,79
785,Eve 784,Engineering,142823,New York,Inactive,19,79
786,Frank 785,Marketing,46239,London,On Leave,10,79
787,Grace 786,HR,50904,Paris,Active,12,79
788,Heidi 787,Finance,57734,Berlin,Inactive,8,79
789,Ivan 788,Sales,78234,Tokyo,On Leave,19,79
790,Judy 789,Legal,112627,Sydney,Active,7,79
791,Karl 790,DevOps,50429,Mumbai,Inactive,3,80
792,Lisa 791,Engineering,93922,Toronto,On Leave,12,80
793,Mike 792,Marketing,104253,New York,Active,12,80
794,Nina 793,HR,95211,London,Inactive,18,80
795,Oscar 794,Finance,102930,Paris,On Leave,14,80
796,Pat 795,Sales,128593,Berlin,Active,8,80
797,Quinn 796,Legal,125157,Tokyo,Inactive,20,80
798,Ruth 797,DevOps,93013,Sydney,On Leave,12,80
799,Sam 798,Engineering,82285,Mumbai,Active,20,80
800,Tara 799,Marketing,98216,Toronto,Inactive,17,80
801,Uma 800,HR,117998,New York,On Leave,18,81
802,Vic 801,Finance,88787,London,Active,13,81
803,Wanda 802,Sales,52712,Paris,Inactive,1,81
804,Xavi 803,Legal,133226,Berlin,On Leave,20,81
805,Yara 804,DevOps,130293,Tokyo,Active,18,81
806,Zoe 805,Engineering,66815,Sydney,Inactive,10,81
807,Aaron 806,Marketing,86858,Mumbai,On Leave,20,81
808,Beth 807,HR,122754,Toronto,Active,1,81
809,Carlos 808,Finance,69875,New York,Inactive,12,81
810,Dana 809,Sales,144246,London,On Leave,18,81
811,Alice 810,Legal,79479,Paris,Active,20,82
812,Bob 811,DevOps,137424,Berlin,Inactive,18,82
813,Carol 812,Engineering,98805,Tokyo,On Leave,18,82
814,Dave 813,Marketing,47397,Sydney,Active,3,82
815,Eve 814,HR,77778,Mumbai,Inactive,5,82
816,Frank 815,Finance,51192,Toronto,On Leave,10,82
817,Grace 816,Sales,84688,New York,Active,2,82
818,Heidi 817,Legal,109650,London,Inactive,5,82
819,Ivan 818,DevOps,132461,Paris,On Leave,10,82
820,Judy 819,Engineering,146461,Berlin,Active,7,82
821,Karl 820,Marketing,48172,Tokyo,Inactive,7,83
822,Lisa 821,HR,131881,Sydney,On Leave,5,83
823,Mike 822,Finance,72717,Mumbai,Active,1,83
824,Nina 823,Sales,101289,Toronto,Inactive,10,83
825,Oscar 824,Legal,132198,New York,On Leave,6,83
826,Pat 825,DevOps,112763,London,Active,8,83
827,Quinn 826,Engineering,105168,Paris,Inactive,14,83
828,Ruth 827,Marketing,135838,Berlin,On Leave,16,83
829,Sam 828,HR,75704,Tokyo,Active,5,83
830,Tara 829,Finance,65761,Sydney,Inactive,13,83
831,Uma 830,Sales,81663,Mumbai,On Leave,1,84
832,Vic 831,Legal,78019,Toronto,Active,3,84
833,Wanda 832,DevOps,86834,New York,Inactive,13,84
834,Xavi 833,Engineering,50805,London,On Leave,6,84
835,Yara 834,Marketing,110146,Paris,Active,11,84
836,Zoe 835,HR,59953,Berlin,Inactive,10,84
837,Aaron 836,Finance,64904,Tokyo,On Leave,2,84
838,Beth 837,Sales,61102,Sydney,Active,16,84
839,Carlos 838,Legal,131238,Mumbai,Inactive,9,84
840,Dana 839,DevOps,124608,Toronto,On Leave,9,84
841,Alice 840,Engineering,138057,New York,Active,12,85
842,Bob 841,Marketing,60321,London,Inactive,15,85
843,Carol 842,HR,114787,Paris,On Leave,15,85
844,Dave 843,Finance,88411,Berlin,Active,8,85
845,Eve 844,Sales,140188,Tokyo,Inactive,2,85
846,Frank 845,Legal,136937,Sydney,On Leave,19,85
847,Grace 846,DevOps,126748,Mumbai,Active,19,85
848,Heidi 847,Engineering,87958,Toronto,Inactive,19,85
849,Ivan 848,Marketing,79747,New York,On Leave,1,85
850,Judy 849,HR,53945,London,Active,16,85
851,Karl 850,Finance,93984,Paris,Inactive,12,86
852,Lisa 851,Sales,89898,Berlin,On Leave,16,86
853,Mike 852,Legal,117864,Tokyo,Active,10,86
854,Nina 853,DevOps,134806,Sydney,Inactive,12,86
855,Oscar 854,Engineering,66611,Mumbai,On Leave,7,86
856,Pat 855,Marketing,147609,Toronto,Active,20,86
857,Quinn 856,HR,45929,New York,Inactive,3,86
858,Ruth 857,Finance,112935,London,On Leave,1,86
859,Sam 858,Sales,125789,Paris,Active,8,86
860,Tara 859,Legal,99744,Berlin,Inactive,11,86
861,Uma 860,DevOps,127009,Tokyo,On Leave,4,87
862,Vic 861,Engineering,92194,Sydney,Active,10,87
863,Wanda 862,Marketing,67388,Mumbai,Inactive,16,87
864,Xavi 863,HR,66791,Toronto,On Leave,7,87
865,Yara 864,Finance,62479,New York,Active,14,87
866,Zoe 865,Sales,110677,London,Inactive,19,87
867,Aaron 866,Legal,114598,Paris,On Leave,17,87
868,Beth 867,DevOps,138530,Berlin,Active,1,87
869,Carlos 868,Engineering,95303,Tokyo,Inactive,8,87
870,Dana 869,Marketing,58696,Sydney,On Leave,1,87
871,Alice 870,HR,115098,Mumbai,Active,13,88
872,Bob 871,Finance,72106,Toronto,Inactive,6,88
873,Carol 872,Sales,92787,New York,On Leave,9,88
874,Dave 873,Legal,135545,London,Active,18,88
875,Eve 874,DevOps,59761,Paris,Inactive,7,88
876,Frank 875,Engineering,60583,Berlin,On Leave,11,88
877,Grace 876,Marketing,101154,Tokyo,Active,20,88
878,Heidi 877,HR,104893,Sydney,Inactive,3,88
879,Ivan 878,Finance,77226,Mumbai,On Leave,13,88
880,Judy 879,Sales,100916,Toronto,Active,20,88
881,Karl 880,Legal,118395,New York,Inactive,17,89
882,Lisa 881,DevOps,130348,London,On Leave,5,89
883,Mike 882,Engineering,74385,Paris,Active,6,89
884,Nina 883,Marketing,48128,Berlin,Inactive,12,89
885,Oscar 884,HR,93618,Tokyo,On Leave,7,89
886,Pat 885,Finance,107264,Sydney,Active,8,89
887,Quinn 886,Sales,108569,Mumbai,Inactive,6,89
888,Ruth 887,Legal,67214,Toronto,On Leave,3,89
889,Sam 888,DevOps,57778,New York,Active,15,89
890,Tara 889,Engineering,140266,London,Inactive,10,89
891,Uma 890,Marketing,124132,Paris,On Leave,3,90
892,Vic 891,HR,123509,Berlin,Active,16,90
893,Wanda 892,Finance,136144,Tokyo,Inactive,5,90
894,Xavi 893,Sales,66090,Sydney,On Leave,6,90
895,Yara 894,Legal,69349,Mumbai,Active,10,90
896,Zoe 895,DevOps,111233,Toronto,Inactive,6,90
897,Aaron 896,Engineering,63362,New York,On Leave,20,90
898,Beth 897,Marketing,73168,London,Active,12,90
899,Carlos 898,HR,75367,Paris,Inactive,6,90
900,Dana 899,Finance,127381,Berlin,On Leave,2,90
901,Alice 900,Sales,52258,Tokyo,Active,1,91
902,Bob 901,Legal,142440,Sydney,Inactive,7,91
903,Carol 902,DevOps,126823,Mumbai,On Leave,7,91
904,Dave 903,Engineering,133545,Toronto,Active,10,91
905,Eve 904,Marketing,147687,New York,Inactive,9,91
906,Frank 905,HR,71669,London,On Leave,18,91
907,Grace 906,Finance,46222,Paris,Active,8,91
908,Heidi 907,Sales,55492,Berlin,Inactive,12,91
909,Ivan 908,Legal,64942,Tokyo,On Leave,7,91
910,Judy 909,DevOps,79254,Sydney,Active,17,91
911,Karl 910,Engineering,126716,Mumbai,Inactive,12,92
912,Lisa 911,Marketing,65076,Toronto,On Leave,8,92
913,Mike 912,HR,47668,New York,Active,12,92
914,Nina 913,Finance,121596,London,Inactive,17,92
915,Oscar 914,Sales,110770,Paris,On Leave,12,92
916,Pat 915,Legal,73895,Berlin,Active,18,92
917,Quinn 916,DevOps,107871,Tokyo,Inactive,8,92
918,Ruth 917,Engineering,60654,Sydney,On Leave,12,92
919,Sam 918,Marketing,121004,Mumbai,Active,9,92
920,Tara 919,HR,130107,Toronto,Inactive,19,92
921,Uma 920,Finance,81923,New York,On Leave,11,93
922,Vic 921,Sales,66305,London,Active,9,93
923,Wanda 922,Legal,143204,Paris,Inactive,20,93
924,Xavi 923,DevOps,104389,Berlin,On Leave,6,93
925,Yara 924,Engineering,88316,Tokyo,Active,7,93
926,Zoe 925,Marketing,48380,Sydney,Inactive,11,93
927,Aaron 926,HR,112329,Mumbai,On Leave,18,93
928,Beth 927,Finance,106424,Toronto,Active,12,93
929,Carlos 928,Sales,89097,New York,Inactive,15,93
930,Dana 929,Legal,77509,London,On Leave,5,93
931,Alice 930,DevOps,114520,Paris,Active,15,94
932,Bob 931,Engineering,118680,Berlin,Inactive,15,94
933,Carol 932,Marketing,90983,Tokyo,On Leave,15,94
934,Dave 933,HR,52206,Sydney,Active,7,94
935,Eve 934,Finance,114446,Mumbai,Inactive,5,94
936,Frank 935,Sales,98540,Toronto,On Leave,13,94
937,Grace 936,Legal,88828,New York,Active,12,94
938,Heidi 937,DevOps,101759,London,Inactive,19,94
939,Ivan 938,Engineering,96256,Paris,On Leave,12,94
940,Judy 939,Marketing,51214,Berlin,Active,20,94
941,Karl 940,HR,104441,Tokyo,Inactive,1,95
942,Lisa 941,Finance,104729,Sydney,On Leave,11,95
943,Mike 942,Sales,53848,Mumbai,Active,15,95
944,Nina 943,Legal,136597,Toronto,Inactive,8,95
945,Oscar 944,DevOps,124968,New York,On Leave,8,95
946,Pat 945,Engineering,133364,London,Active,15,95
947,Quinn 946,Marketing,111074,Paris,Inactive,7,95
948,Ruth 947,HR,84442,Berlin,On Leave,2,95
949,Sam 948,Finance,111672,Tokyo,Active,15,95
950,Tara 949,Sales,145895,Sydney,Inactive,17,95
951,Uma 950,Legal,114011,Mumbai,On Leave,18,96
952,Vic 951,DevOps,124243,Toronto,Active,20,96
953,Wanda 952,Engineering,59767,New York,Inactive,10,96
954,Xavi 953,Marketing,106718,London,On Leave,11,96
955,Yara 954,HR,59248,Paris,Active,16,96
956,Zoe 955,Finance,125307,Berlin,Inactive,5,96
957,Aaron 956,Sales,110949,Tokyo,On Leave,20,96
958,Beth 957,Legal,133104,Sydney,Active,6,96
959,Carlos 958,DevOps,84846,Mumbai,Inactive,1,96
960,Dana 959,Engineering,138512,Toronto,On Leave,7,96
961,Alice 960,Marketing,133036,New York,Active,9,97
962,Bob 961,HR,116555,London,Inactive,20,97
963,Carol 962,Finance,63064,Paris,On Leave,9,97
964,Dave 963,Sales,81925,Berlin,Active,10,97
965,Eve 964,Legal,112702,Tokyo,Inactive,5,97
966,Frank 965,DevOps,144543,Sydney,On Leave,2,97
967,Grace 966,Engineering,129987,Mumbai,Active,13,97
968,Heidi 967,Marketing,133990,Toronto,Inactive,16,97
969,Ivan 968,HR,137583,New York,On Leave,15,97
970,Judy 969,Finance,129535,London,Active,1,97
971,Karl 970,Sales,143914,Paris,Inactive,2,98
972,Lisa 971,Legal,133708,Berlin,On Leave,2,98
973,Mike 972,DevOps,74159,Tokyo,Active,19,98
974,Nina 973,Engineering,129527,Sydney,Inactive,5,98
975,Oscar 974,Marketing,66402,Mumbai,On Leave,17,98
976,Pat 975,HR,116789,Toronto,Active,7,98
977,Quinn 976,Finance,76347,New York,Inactive,5,98
978,Ruth 977,Sales,141935,London,On Leave,16,98
979,Sam 978,Legal,148124,Paris,Active,12,98
980,Tara 979,DevOps,62459,Berlin,Inactive,3,98
981,Uma 980,Engineering,109658,Tokyo,On Leave,5,99
982,Vic 981,Marketing,71593,Sydney,Active,10,99
983,Wanda 982,HR,79485,Mumbai,Inactive,12,99
984,Xavi 983,Finance,59245,Toronto,On Leave,4,99
985,Yara 984,Sales,51549,New York,Active,12,99
986,Zoe 985,Legal,45200,London,Inactive,7,99
987,Aaron 986,DevOps,119590,Paris,On Leave,7,99
988,Beth 987,Engineering,141978,Berlin,Active,2,99
989,Carlos 988,Marketing,117459,Tokyo,Inactive,10,99
990,Dana 989,HR,108166,Sydney,On Leave,14,99
991,Alice 990,Finance,147929,Mumbai,Active,15,100
992,Bob 991,Sales,85165,Toronto,Inactive,17,100
993,Carol 992,Legal,47506,New York,On Leave,12,100
994,Dave 993,DevOps,101693,London,Active,11,100
995,Eve 994,Engineering,45616,Paris,Inactive,17,100
996,Frank 995,Marketing,96716,Berlin,On Leave,6,100
997,Grace 996,HR,97230,Tokyo,Active,14,100
998,Heidi 997,Finance,61172,Sydney,Inactive,12,100
999,Ivan 998,Sales,70323,Mumbai,On Leave,18,100
1000,Judy 999,Legal,75180,Toronto,Active,11,100
1001,Karl 1000,DevOps,86344,New York,Inactive,16,101
1002,Lisa 1001,Engineering,147833,London,On Leave,5,101
1003,Mike 1002,Marketing,124577,Paris,Active,13,101
1004,Nina 1003,HR,50104,Berlin,Inactive,6,101
1005,Oscar 1004,Finance,136451,Tokyo,On Leave,18,101
1006,Pat 1005,Sales,76642,Sydney,Active,12,101
1007,Quinn 1006,Legal,84308,Mumbai,Inactive,4,101
1008,Ruth 1007,DevOps,99445,Toronto,On Leave,9,101
1009,Sam 1008,Engineering,127139,New York,Active,4,101
1010,Tara 1009,Marketing,80976,London,Inactive,11,101
1011,Uma 1010,HR,78230,Paris,On Leave,5,102
1012,Vic 1011,Finance,78433,Berlin,Active,15,102
1013,Wanda 1012,Sales,71826,Tokyo,Inactive,7,102
1014,Xavi 1013,Legal,110793,Sydney,On Leave,3,102
1015,Yara 1014,DevOps,92189,Mumbai,Active,1,102
1016,Zoe 1015,Engineering,123971,Toronto,Inactive,3,102
1017,Aaron 1016,Marketing,100745,New York,On Leave,2,102
1018,Beth 1017,HR,70051,London,Active,20,102
1019,Carlos 1018,Finance,145216,Paris,Inactive,8,102
1020,Dana 1019,Sales,56287,Berlin,On Leave,19,102
1021,Alice 1020,Legal,102341,Tokyo,Active,8,103
1022,Bob 1021,DevOps,90262,Sydney,Inactive,6,103
1023,Carol 1022,Engineering,131500,Mumbai,On Leave,3,103
1024,Dave 1023,Marketing,122632,Toronto,Active,13,103
1025,Eve 1024,HR,82859,New York,Inactive,17,103
1026,Frank 1025,Finance,75035,London,On Leave,19,103
1027,Grace 1026,Sales,63867,Paris,Active,20,103
1028,Heidi 1027,Legal,143188,Berlin,Inactive,17,103
1029,Ivan 1028,DevOps,100628,Tokyo,On Leave,16,103
1030,Judy 1029,Engineering,132223,Sydney,Active,3,103
1031,Karl 1030,Marketing,72405,Mumbai,Inactive,10,104
1032,Lisa 1031,HR,116039,Toronto,On Leave,3,104
1033,Mike 1032,Finance,79024,New York,Active,2,104
1034,Nina 1033,Sales,95890,London,Inactive,2,104
1035,Oscar 1034,Legal,80612,Paris,On Leave,14,104
1036,Pat 1035,DevOps,138998,Berlin,Active,3,104
1037,Quinn 1036,Engineering,92816,Tokyo,Inactive,1,104
1038,Ruth 1037,Marketing,69021,Sydney,On Leave,5,104
1039,Sam 1038,HR,83785,Mumbai,Active,12,104
1040,Tara 1039,Finance,98297,Toronto,Inactive,3,104
1041,Uma 1040,Sales,70119,New York,On Leave,20,105
1042,Vic 1041,Legal,92838,London,Active,20,105
1043,Wanda 1042,DevOps,143724,Paris,Inactive,9,105
1044,Xavi 1043,Engineering,121004,Berlin,On Leave,17,105
1045,Yara 1044,Marketing,127673,Tokyo,Active,17,105
1046,Zoe 1045,HR,127582,Sydney,Inactive,6,105
1047,Aaron 1046,Finance,137540,Mumbai,On Leave,2,105
1048,Beth 1047,Sales,54305,Toronto,Active,13,105
1049,Carlos 1048,Legal,92779,New York,Inactive,11,105
1050,Dana 1049,DevOps,56947,London,On Leave,7,105
1051,Alice 1050,Engineering,53735,Paris,Active,11,106
1052,Bob 1051,Marketing,135272,Berlin,Inactive,1,106
1053,Carol 1052,HR,115365,Tokyo,On Leave,6,106
1054,Dave 1053,Finance,99421,Sydney,Active,2,106
1055,Eve 1054,Sales,51983,Mumbai,Inactive,5,106
1056,Frank 1055,Legal,66604,Toronto,On Leave,9,106
1057,Grace 1056,DevOps,92228,New York,Active,8,106
1058,Heidi 1057,Engineering,54225,London,Inactive,5,106
1059,Ivan 1058,Marketing,146917,Paris,On Leave,13,106
1060,Judy 1059,HR,100934,Berlin,Active,8,106
1061,Karl 1060,Finance,70500,Tokyo,Inactive,18,107
1062,Lisa 1061,Sales,97906,Sydney,On Leave,18,107
1063,Mike 1062,Legal,99341,Mumbai,Active,6,107
1064,Nina 1063,DevOps,119623,Toronto,Inactive,20,107
1065,Oscar 1064,Engineering,141234,New York,On Leave,7,107
1066,Pat 1065,Marketing,47475,London,Active,4,107
1067,Quinn 1066,HR,60687,Paris,Inactive,20,107
1068,Ruth 1067,Finance,91711,Berlin,On Leave,20,107
1069,Sam 1068,Sales,143508,Tokyo,Active,4,107
1070,Tara 1069,Legal,89910,Sydney,Inactive,3,107
1071,Uma 1070,DevOps,142060,Mumbai,On Leave,15,108
1072,Vic 1071,Engineering,52506,Toronto,Active,3,108
1073,Wanda 1072,Marketing,87937,New York,Inactive,12,108
1074,Xavi 1073,HR,138689,London,On Leave,3,108
1075,Yara 1074,Finance,101709,Paris,Active,16,108
1076,Zoe 1075,Sales,94591,Berlin,Inactive,5,108
1077,Aaron 1076,Legal,114100,Tokyo,On Leave,20,108
1078,Beth 1077,DevOps,70841,Sydney,Active,13,108
1079,Carlos 1078,Engineering,88492,Mumbai,Inactive,16,108
1080,Dana 1079,Marketing,134302,Toronto,On Leave,12,108
1081,Alice 1080,HR,51449,New York,Active,16,109
1082,Bob 1081,Finance,76103,London,Inactive,7,109
1083,Carol 1082,Sales,140370,Paris,On Leave,1,109
1084,Dave 1083,Legal,58246,Berlin,Active,10,109
1085,Eve 1084,DevOps,120411,Tokyo,Inactive,20,109
1086,Frank 1085,Engineering,141299,Sydney,On Leave,15,109
1087,Grace 1086,Marketing,108929,Mumbai,Active,18,109
1088,Heidi 1087,HR,84418,Toronto,Inactive,13,109
1089,Ivan 1088,Finance,50490,New York,On Leave,11,109
1090,Judy 1089,Sales,138060,London,Active,14,109
1091,Karl 1090,Legal,83631,Paris,Inactive,8,110
1092,Lisa 1091,DevOps,147322,Berlin,On Leave,7,110
1093,Mike 1092,Engineering,132669,Tokyo,Active,15,110
1094,Nina 1093,Marketing,57675,Sydney,Inactive,2,110
1095,Oscar 1094,HR,135685,Mumbai,On Leave,20,110
1096,Pat 1095,Finance,65057,Toronto,Active,16,110
1097,Quinn 1096,Sales,118280,New York,Inactive,3,110
1098,Ruth 1097,Legal,64955,London,On Leave,16,110
1099,Sam 1098,DevOps,147709,Paris,Active,2,110
1100,Tara 1099,Engineering,145057,Berlin,Inactive,13,110
1101,Uma 1100,Marketing,139498,Tokyo,On Leave,11,111
1102,Vic 1101,HR,113223,Sydney,Active,20,111
1103,Wanda 1102,Finance,57134,Mumbai,Inactive,2,111
1104,Xavi 1103,Sales,73456,Toronto,On Leave,7,111
1105,Yara 1104,Legal,48631,New York,Active,17,111
1106,Zoe 1105,DevOps,124570,London,Inactive,20,111
1107,Aaron 1106,Engineering,48802,Paris,On Leave,6,111
1108,Beth 1107,Marketing,97363,Berlin,Active,12,111
1109,Carlos 1108,HR,139261,Tokyo,Inactive,8,111
1110,Dana 1109,Finance,81295,Sydney,On Leave,9,111
1111,Alice 1110,Sales,145971,Mumbai,Active,11,112
1112,Bob 1111,Legal,111961,Toronto,Inactive,14,112
1113,Carol 1112,DevOps,81626,New York,On Leave,20,112
1114,Dave 1113,Engineering,70433,London,Active,14,112
1115,Eve 1114,Marketing,54909,Paris,Inactive,11,112
1116,Frank 1115,HR,87567,Berlin,On Leave,17,112
1117,Grace 1116,Finance,46028,Tokyo,Active,14,112
1118,Heidi 1117,Sales,89847,Sydney,Inactive,9,112
1119,Ivan 1118,Legal,102620,Mumbai,On Leave,16,112
1120,Judy 1119,DevOps,142290,Toronto,Active,2,112
1121,Karl 1120,Engineering,108304,New York,Inactive,10,113
1122,Lisa 1121,Marketing,122552,London,On Leave,15,113
1123,Mike 1122,HR,121827,Paris,Active,5,113
1124,Nina 1123,Finance,72231,Berlin,Inactive,3,113
1125,Oscar 1124,Sales,118476,Tokyo,On Leave,8,113
1126,Pat 1125,Legal,131289,Sydney,Active,2,113
1127,Quinn 1126,DevOps,76064,Mumbai,Inactive,11,113
1128,Ruth 1127,Engineering,73246,Toronto,On Leave,10,113
1129,Sam 1128,Marketing,115613,New York,Active,9,113
1130,Tara 1129,HR,62557,London,Inactive,18,113
1131,Uma 1130,Finance,101431,Paris,On Leave,11,114
1132,Vic 1131,Sales,85579,Berlin,Active,2,114
1133,Wanda 1132,Legal,143813,Tokyo,Inactive,3,114
1134,Xavi 1133,DevOps,146441,Sydney,On Leave,9,114
1135,Yara 1134,Engineering,122774,Mumbai,Active,2,114
1136,Zoe 1135,Marketing,142036,Toronto,Inactive,19,114
1137,Aaron 1136,HR,82089,New York,On Leave,10,114
1138,Beth 1137,Finance,117069,London,Active,14,114
1139,Carlos 1138,Sales,103355,Paris,Inactive,16,114
1140,Dana 1139,Legal,68051,Berlin,On Leave,1,114
1141,Alice 1140,DevOps,56626,Tokyo,Active,11,115
1142,Bob 1141,Engineering,51315,Sydney,Inactive,2,115
1143,Carol 1142,Marketing,102215,Mumbai,On Leave,7,115
1144,Dave 1143,HR,108631,Toronto,Active,6,115
1145,Eve 1144,Finance,94942,New York,Inactive,12,115
1146,Frank 1145,Sales,103786,London,On Leave,15,115
1147,Grace 1146,Legal,59283,Paris,Active,1,115
1148,Heidi 1147,DevOps,75512,Berlin,Inactive,16,115
1149,Ivan 1148,Engineering,112599,Tokyo,On Leave,2,115
1150,Judy 1149,Marketing,126928,Sydney,Active,4,115
1151,Karl 1150,HR,147511,Mumbai,Inactive,19,116
1152,Lisa 1151,Finance,97254,Toronto,On Leave,10,116
1153,Mike 1152,Sales,76438,New York,Active,6,116
1154,Nina 1153,Legal,50241,London,Inactive,17,116
1155,Oscar 1154,DevOps,99514,Paris,On Leave,1,116
1156,Pat 1155,Engineering,123250,Berlin,Active,2,116
1157,Quinn 1156,Marketing,149127,Tokyo,Inactive,14,116
1158,Ruth 1157,HR,140651,Sydney,On Leave,6,116
1159,Sam 1158,Finance,130485,Mumbai,Active,8,116
1160,Tara 1159,Sales,80524,Toronto,Inactive,5,116
1161,Uma 1160,Legal,127158,New York,On Leave,4,117
1162,Vic 1161,DevOps,144353,London,Active,10,117
1163,Wanda 1162,Engineering,113043,Paris,Inactive,7,117
1164,Xavi 1163,Marketing,59199,Berlin,On Leave,3,117
1165,Yara 1164,HR,123088,Tokyo,Active,2,117
1166,Zoe 1165,Finance,45584,Sydney,Inactive,11,117
1167,Aaron 1166,Sales,62185,Mumbai,On Leave,19,117
1168,Beth 1167,Legal,54009,Toronto,Active,6,117
1169,Carlos 1168,DevOps,96213,New York,Inactive,11,117
1170,Dana 1169,Engineering,72633,London,On Leave,3,117
1171,Alice 1170,Marketing,50357,Paris,Active,11,118
1172,Bob 1171,HR,120088,Berlin,Inactive,7,118
1173,Carol 1172,Finance,127803,Tokyo,On Leave,3,118
1174,Dave 1173,Sales,141453,Sydney,Active,11,118
1175,Eve 1174,Legal,74345,Mumbai,Inactive,7,118
1176,Frank 1175,DevOps,50052,Toronto,On Leave,8,118
1177,Grace 1176,Engineering,62502,New York,Active,1,118
1178,Heidi 1177,Marketing,54414,London,Inactive,18,118
1179,Ivan 1178,HR,49821,Paris,On Leave,14,118
1180,Judy 1179,Finance,101649,Berlin,Active,20,118
1181,Karl 1180,Sales,118919,Tokyo,Inactive,20,119
1182,Lisa 1181,Legal,70052,Sydney,On Leave,11,119
1183,Mike 1182,DevOps,99340,Mumbai,Active,5,119
1184,Nina 1183,Engineering,145415,Toronto,Inactive,12,119
1185,Oscar 1184,Marketing,76851,New York,On Leave,2,119
1186,Pat 1185,HR,112745,London,Active,11,119
1187,Quinn 1186,Finance,49248,Paris,Inactive,14,119
1188,Ruth 1187,Sales,81077,Berlin,On Leave,2,119
1189,Sam 1188,Legal,125850,Tokyo,Active,17,119
1190,Tara 1189,DevOps,126437,Sydney,Inactive,2,119
1191,Uma 1190,Engineering,134816,Mumbai,On Leave,15,120
1192,Vic 1191,Marketing,133439,Toronto,Active,8,120
1193,Wanda 1192,HR,70069,New York,Inactive,12,120
1194,Xavi 1193,Finance,79484,London,On Leave,12,120
1195,Yara 1194,Sales,59244,Paris,Active,17,120
1196,Zoe 1195,Legal,89523,Berlin,Inactive,3,120
1197,Aaron 1196,DevOps,115480,Tokyo,On Leave,7,120
1198,Beth 1197,Engineering,70327,Sydney,Active,9,120
1199,Carlos 1198,Marketing,117718,Mumbai,Inactive,5,120
1200,Dana 1199,HR,75967,Toronto,On Leave,1,120
1201,Alice 1200,Finance,97943,New York,Active,18,121
1202,Bob 1201,Sales,104715,London,Inactive,20,121
1203,Carol 1202,Legal,64086,Paris,On Leave,5,121
1204,Dave 1203,DevOps,135493,Berlin,Active,20,121
1205,Eve 1204,Engineering,59329,Tokyo,Inactive,16,121
1206,Frank 1205,Marketing,94699,Sydney,On Leave,6,121
1207,Grace 1206,HR,128673,Mumbai,Active,19,121
1208,Heidi 1207,Finance,98026,Toronto,Inactive,9,121
1209,Ivan 1208,Sales,115741,New York,On Leave,6,121
1210,Judy 1209,Legal,146346,London,Active,17,121
1211,Karl 1210,DevOps,120410,Paris,Inactive,7,122
1212,Lisa 1211,Engineering,80931,Berlin,On Leave,9,122
1213,Mike 1212,Marketing,112616,Tokyo,Active,17,122
1214,Nina 1213,HR,59457,Sydney,Inactive,7,122
1215,Oscar 1214,Finance,83540,Mumbai,On Leave,14,122
1216,Pat 1215,Sales,121734,Toronto,Active,18,122
1217,Quinn 1216,Legal,96158,New York,Inactive,9,122
1218,Ruth 1217,DevOps,95996,London,On Leave,18,122
1219,Sam 1218,Engineering,49985,Paris,Active,19,122
1220,Tara 1219,Marketing,141788,Berlin,Inactive,5,122
1221,Uma 1220,HR,120632,Tokyo,On Leave,9,123
1222,Vic 1221,Finance,51030,Sydney,Active,12,123
1223,Wanda 1222,Sales,50656,Mumbai,Inactive,8,123
1224,Xavi 1223,Legal,92244,Toronto,On Leave,20,123
1225,Yara 1224,DevOps,127052,New York,Active,11,123
1226,Zoe 1225,Engineering,61281,London,Inactive,12,123
1227,Aaron 1226,Marketing,131300,Paris,On Leave,9,123
1228,Beth 1227,HR,133048,Berlin,Active,10,123
1229,Carlos 1228,Finance,101732,Tokyo,Inactive,9,123
1230,Dana 1229,Sales,86702,Sydney,On Leave,8,123
1231,Alice 1230,Legal,82754,Mumbai,Active,20,124
1232,Bob 1231,DevOps,86252,Toronto,Inactive,6,124
1233,Carol 1232,Engineering,112969,New York,On Leave,13,124
1234,Dave 1233,Marketing,146013,London,Active,11,124
1235,Eve 1234,HR,49144,Paris,Inactive,10,124
1236,Frank 1235,Finance,95825,Berlin,On Leave,11,124
1237,Grace 1236,Sales,46422,Tokyo,Active,4,124
1238,Heidi 1237,Legal,127525,Sydney,Inactive,14,124
1239,Ivan 1238,DevOps,64111,Mumbai,On Leave,3,124
1240,Judy 1239,Engineering,51729,Toronto,Active,6,124
1241,Karl 1240,Marketing,45544,New York,Inactive,18,125
1242,Lisa 1241,HR,63366,London,On Leave,1,125
1243,Mike 1242,Finance,52606,Paris,Active,3,125
1244,Nina 1243,Sales,90117,Berlin,Inactive,20,125
1245,Oscar 1244,Legal,118580,Tokyo,On Leave,17,125
1246,Pat 1245,DevOps,139176,Sydney,Active,1,125
1247,Quinn 1246,Engineering,143179,Mumbai,Inactive,6,125
1248,Ruth 1247,Marketing,69169,Toronto,On Leave,15,125
1249,Sam 1248,HR,116917,New York,Active,5,125
1250,Tara 1249,Finance,86399,London,Inactive,3,125
1251,Uma 1250,Sales,141240,Paris,On Leave,12,126
1252,Vic 1251,Legal,58898,Berlin,Active,13,126
1253,Wanda 1252,DevOps,141331,Tokyo,Inactive,6,126
1254,Xavi 1253,Engineering,84076,Sydney,On Leave,10,126
1255,Yara 1254,Marketing,146680,Mumbai,Active,9,126
1256,Zoe 1255,HR,54375,Toronto,Inactive,9,126
1257,Aaron 1256,Finance,145041,New York,On Leave,2,126
1258,Beth 1257,Sales,147596,London,Active,14,126
1259,Carlos 1258,Legal,65669,Paris,Inactive,4,126
1260,Dana 1259,DevOps,138666,Berlin,On Leave,11,126
1261,Alice 1260,Engineering,115128,Tokyo,Active,6,127
1262,Bob 1261,Marketing,135277,Sydney,Inactive,16,127
1263,Carol 1262,HR,92444,Mumbai,On Leave,1,127
1264,Dave 1263,Finance,120799,Toronto,Active,1,127
1265,Eve 1264,Sales,143015,New York,Inactive,8,127
1266,Frank 1265,Legal,128287,London,On Leave,4,127
1267,Grace 1266,DevOps,107666,Paris,Active,3,127
1268,Heidi 1267,Engineering,97857,Berlin,Inactive,14,127
1269,Ivan 1268,Marketing,143251,Tokyo,On Leave,5,127
1270,Judy 1269,HR,93029,Sydney,Active,20,127
1271,Karl 1270,Finance,100220,Mumbai,Inactive,9,128
1272,Lisa 1271,Sales,138954,Toronto,On Leave,3,128
1273,Mike 1272,Legal,56964,New York,Active,12,128
1274,Nina 1273,DevOps,104943,London,Inactive,10,128
1275,Oscar 1274,Engineering,48503,Paris,On Leave,20,128
1276,Pat 1275,Marketing,48197,Berlin,Active,13,128
1277,Quinn 1276,HR,108321,Tokyo,Inactive,10,128
1278,Ruth 1277,Finance,81114,Sydney,On Leave,5,128
1279,Sam 1278,Sales,45245,Mumbai,Active,15,128
1280,Tara 1279,Legal,145524,Toronto,Inactive,16,128
1281,Uma 1280,DevOps,149280,New York,On Leave,4,129
1282,Vic 1281,Engineering,129758,London,Active,17,129
1283,Wanda 1282,Marketing,46206,Paris,Inactive,2,129
1284,Xavi 1283,HR,89745,Berlin,On Leave,20,129
1285,Yara 1284,Finance,85765,Tokyo,Active,12,129
1286,Zoe 1285,Sales,69088,Sydney,Inactive,15,129
1287,Aaron 1286,Legal,127114,Mumbai,On Leave,18,129
1288,Beth 1287,DevOps,97336,Toronto,Active,17,129
1289,Carlos 1288,Engineering,113303,New York,Inactive,1,129
1290,Dana 1289,Marketing,127803,London,On Leave,16,129
1291,Alice 1290,HR,78130,Paris,Active,3,130
1292,Bob 1291,Finance,105601,Berlin,Inactive,4,130
1293,Carol 1292,Sales,141536,Tokyo,On Leave,11,130
1294,Dave 1293,Legal,80655,Sydney,Active,9,130
1295,Eve 1294,DevOps,81783,Mumbai,Inactive,13,130
1296,Frank 1295,Engineering,126658,Toronto,On Leave,18,130
1297,Grace 1296,Marketing,51753,New York,Active,15,130
1298,Heidi 1297,HR,143039,London,Inactive,2,130
1299,Ivan 1298,Finance,70233,Paris,On Leave,16,130
1300,Judy 1299,Sales,68863,Berlin,Active,7,130
1301,Karl 1300,Legal,130787,Tokyo,Inactive,9,131
1302,Lisa 1301,DevOps,109227,Sydney,On Leave,10,131
1303,Mike 1302,Engineering,134842,Mumbai,Active,13,131
1304,Nina 1303,Marketing,148258,Toronto,Inactive,15,131
1305,Oscar 1304,HR,119958,New York,On Leave,14,131
1306,Pat 1305,Finance,75622,London,Active,18,131
1307,Quinn 1306,Sales,71716,Paris,Inactive,8,131
1308,Ruth 1307,Legal,92973,Berlin,On Leave,2,131
1309,Sam 1308,DevOps,48928,Tokyo,Active,15,131
1310,Tara 1309,Engineering,68257,Sydney,Inactive,20,131
1311,Uma 1310,Marketing,53515,Mumbai,On Leave,20,132
1312,Vic 1311,HR,115220,Toronto,Active,18,132
1313,Wanda 1312,Finance,49473,New York,Inactive,20,132
1314,Xavi 1313,Sales,81443,London,On Leave,16,132
1315,Yara 1314,Legal,148149,Paris,Active,17,132
1316,Zoe 1315,DevOps,67056,Berlin,Inactive,16,132
1317,Aaron 1316,Engineering,65401,Tokyo,On Leave,6,132
1318,Beth 1317,Marketing,148218,Sydney,Active,18,132
1319,Carlos 1318,HR,87591,Mumbai,Inactive,3,132
1320,Dana 1319,Finance,110788,Toronto,On Leave,1,132
1321,Alice 1320,Sales,131908,New York,Active,20,133
1322,Bob 1321,Legal,58608,London,Inactive,10,133
1323,Carol 1322,DevOps,88144,Paris,On Leave,1,133
1324,Dave 1323,Engineering,147026,Berlin,Active,9,133
1325,Eve 1324,Marketing,145832,Tokyo,Inactive,15,133
1326,Frank 1325,HR,148677,Sydney,On Leave,4,133
1327,Grace 1326,Finance,112931,Mumbai,Active,14,133
1328,Heidi 1327,Sales,142687,Toronto,Inactive,19,133
1329,Ivan 1328,Legal,62106,New York,On Leave,8,133
1330,Judy 1329,DevOps,48920,London,Active,12,133
1331,Karl 1330,Engineering,106151,Paris,Inactive,1,134
1332,Lisa 1331,Marketing,109000,Berlin,On Leave,8,134
1333,Mike 1332,HR,79414,Tokyo,Active,9,134
1334,Nina 1333,Finance,92900,Sydney,Inactive,11,134
1335,Oscar 1334,Sales,85553,Mumbai,On Leave,7,134
1336,Pat 1335,Legal,79780,Toronto,Active,9,134
1337,Quinn 1336,DevOps,131077,New York,Inactive,3,134
1338,Ruth 1337,Engineering,146006,London,On Leave,2,134
1339,Sam 1338,Marketing,140778,Paris,Active,12,134
1340,Tara 1339,HR,73459,Berlin,Inactive,12,134
1341,Uma 1340,Finance,48467,Tokyo,On Leave,20,135
1342,Vic 1341,Sales,90079,Sydney,Active,8,135
1343,Wanda 1342,Legal,118778,Mumbai,Inactive,1,135
1344,Xavi 1343,DevOps,114264,Toronto,On Leave,18,135
1345,Yara 1344,Engineering,92814,New York,Active,13,135
1346,Zoe 1345,Marketing,63778,London,Inactive,7,135
1347,Aaron 1346,HR,56244,Paris,On Leave,2,135
1348,Beth 1347,Finance,74351,Berlin,Active,10,135
1349,Carlos 1348,Sales,61044,Tokyo,Inactive,16,135
1350,Dana 1349,Legal,49080,Sydney,On Leave,4,135
1351,Alice 1350,DevOps,80811,Mumbai,Active,16,136
1352,Bob 1351,Engineering,75706,Toronto,Inactive,18,136
1353,Carol 1352,Marketing,122598,New York,On Leave,9,136
1354,Dave 1353,HR,61575,London,Active,16,136
1355,Eve 1354,Finance,68004,Paris,Inactive,4,136
1356,Frank 1355,Sales,136123,Berlin,On Leave,2,136
1357,Grace 1356,Legal,126039,Tokyo,Active,9,136
1358,Heidi 1357,DevOps,76146,Sydney,Inactive,14,136
1359,Ivan 1358,Engineering,57830,Mumbai,On Leave,5,136
1360,Judy 1359,Marketing,126748,Toronto,Active,19,136
1361,Karl 1360,HR,119589,New York,Inactive,17,137
1362,Lisa 1361,Finance,95703,London,On Leave,2,137
1363,Mike 1362,Sales,146545,Paris,Active,13,137
1364,Nina 1363,Legal,134721,Berlin,Inactive,18,137
1365,Oscar 1364,DevOps,59514,Tokyo,On Leave,19,137
1366,Pat 1365,Engineering,113412,Sydney,Active,10,137
1367,Quinn 1366,Marketing,137263,Mumbai,Inactive,6,137
1368,Ruth 1367,HR,83370,Toronto,On Leave,11,137
1369,Sam 1368,Finance,112905,New York,Active,6,137
1370,Tara 1369,Sales,61054,London,Inactive,19,137
1371,Uma 1370,Legal,58119,Paris,On Leave,12,138
1372,Vic 1371,DevOps,95496,Berlin,Active,19,138
1373,Wanda 1372,Engineering,137579,Tokyo,Inactive,15,138
1374,Xavi 1373,Marketing,65736,Sydney,On Leave,2,138
1375,Yara 1374,HR,46114,Mumbai,Active,4,138
1376,Zoe 1375,Finance,47768,Toronto,Inactive,12,138
1377,Aaron 1376,Sales,64350,New York,On Leave,3,138
1378,Beth 1377,Legal,119952,London,Active,11,138
1379,Carlos 1378,DevOps,113561,Paris,Inactive,1,138
1380,Dana 1379,Engineering,126671,Berlin,On Leave,17,138
1381,Alice 1380,Marketing,127223,Tokyo,Active,12,139
1382,Bob 1381,HR,53126,Sydney,Inactive,18,139
1383,Carol 1382,Finance,112429,Mumbai,On Leave,15,139
1384,Dave 1383,Sales,129029,Toronto,Active,2,139
1385,Eve 1384,Legal,108624,New York,Inactive,10,139
1386,Frank 1385,DevOps,148937,London,On Leave,8,139
1387,Grace 1386,Engineering,107680,Paris,Active,19,139
1388,Heidi 1387,Marketing,74184,Berlin,Inactive,9,139
1389,Ivan 1388,HR,88615,Tokyo,On Leave,16,139
1390,Judy 1389,Finance,58040,Sydney,Active,11,139
1391,Karl 1390,Sales,79151,Mumbai,Inactive,8,140
1392,Lisa 1391,Legal,75457,Toronto,On Leave,12,140
1393,Mike 1392,DevOps,120586,New York,Active,13,140
1394,Nina 1393,Engineering,53517,London,Inactive,6,140
1395,Oscar 1394,Marketing,111907,Paris,On Leave,5,140
1396,Pat 1395,HR,64097,Berlin,Active,8,140
1397,Quinn 1396,Finance,46911,Tokyo,Inactive,9,140
1398,Ruth 1397,Sales,97709,Sydney,On Leave,10,140
1399,Sam 1398,Legal,71198,Mumbai,Active,9,140
1400,Tara 1399,DevOps,112948,Toronto,Inactive,1,140
1401,Uma 1400,Engineering,86358,New York,On Leave,10,141
1402,Vic 1401,Marketing,116308,London,Active,5,141
1403,Wanda 1402,HR,143313,Paris,Inactive,1,141
1404,Xavi 1403,Finance,57606,Berlin,On Leave,16,141
1405,Yara 1404,Sales,144998,Tokyo,Active,18,141
1406,Zoe 1405,Legal,93699,Sydney,Inactive,13,141
1407,Aaron 1406,DevOps,127131,Mumbai,On Leave,18,141
1408,Beth 1407,Engineering,92172,Toronto,Active,13,141
1409,Carlos 1408,Marketing,94064,New York,Inactive,9,141
1410,Dana 1409,HR,92803,London,On Leave,18,141
1411,Alice 1410,Finance,63137,Paris,Active,3,142
1412,Bob 1411,Sales,46777,Berlin,Inactive,9,142
1413,Carol 1412,Legal,131522,Tokyo,On Leave,17,142
1414,Dave 1413,DevOps,99844,Sydney,Active,2,142
1415,Eve 1414,Engineering,130138,Mumbai,Inactive,18,142
1416,Frank 1415,Marketing,122863,Toronto,On Leave,5,142
1417,Grace 1416,HR,116883,New York,Active,16,142
1418,Heidi 1417,Finance,77909,London,Inactive,11,142
1419,Ivan 1418,Sales,115309,Paris,On Leave,16,142
1420,Judy 1419,Legal,108379,Berlin,Active,9,142
1421,Karl 1420,DevOps,145741,Tokyo,Inactive,12,143
1422,Lisa 1421,Engineering,69060,Sydney,On Leave,2,143
1423,Mike 1422,Marketing,48341,Mumbai,Active,19,143
1424,Nina 1423,HR,70158,Toronto,Inactive,3,143
1425,Oscar 1424,Finance,63104,New York,On Leave,6,143
1426,Pat 1425,Sales,149117,London,Active,13,143
1427,Quinn 1426,Legal,67099,Paris,Inactive,3,143
1428,Ruth 1427,DevOps,136191,Berlin,On Leave,1,143
1429,Sam 1428,Engineering,126925,Tokyo,Active,16,143
1430,Tara 1429,Marketing,108596,Sydney,Inactive,18,143
1431,Uma 1430,HR,131416,Mumbai,On Leave,7,144
1432,Vic 1431,Finance,69926,Toronto,Active,7,144
1433,Wanda 1432,Sales,62639,New York,Inactive,8,144
1434,Xavi 1433,Legal,114456,London,On Leave,3,144
1435,Yara 1434,DevOps,57123,Paris,Active,14,144
1436,Zoe 1435,Engineering,49234,Berlin,Inactive,17,144
1437,Aaron 1436,Marketing,141223,Tokyo,On Leave,1,144
1438,Beth 1437,HR,115498,Sydney,Active,1,144
1439,Carlos 1438,Finance,134869,Mumbai,Inactive,11,144
1440,Dana 1439,Sales,97053,Toronto,On Leave,6,144
1441,Alice 1440,Legal,141602,New York,Active,19,145
1442,Bob 1441,DevOps,100814,London,Inactive,8,145
1443,Carol 1442,Engineering,93627,Paris,On Leave,4,145
1444,Dave 1443,Marketing,69638,Berlin,Active,19,145
1445,Eve 1444,HR,137851,Tokyo,Inactive,3,145
1446,Frank 1445,Finance,123230,Sydney,On Leave,20,145
1447,Grace 1446,Sales,109665,Mumbai,Active,16,145
1448,Heidi 1447,Legal,93913,Toronto,Inactive,1,145
1449,Ivan 1448,DevOps,143465,New York,On Leave,16,145
1450,Judy 1449,Engineering,109394,London,Active,18,145
1451,Karl 1450,Marketing,129385,Paris,Inactive,1,146
1452,Lisa 1451,HR,48129,Berlin,On Leave,17,146
1453,Mike 1452,Finance,103503,Tokyo,Active,11,146
1454,Nina 1453,Sales,127001,Sydney,Inactive,5,146
1455,Oscar 1454,Legal,87906,Mumbai,On Leave,4,146
1456,Pat 1455,DevOps,104029,Toronto,Active,1,146
1457,Quinn 1456,Engineering,56248,New York,Inactive,1,146
1458,Ruth 1457,Marketing,95524,London,On Leave,8,146
1459,Sam 1458,HR,130843,Paris,Active,2,146
1460,Tara 1459,Finance,111203,Berlin,Inactive,2,146
1461,Uma 1460,Sales,110791,Tokyo,On Leave,1,147
1462,Vic 1461,Legal,87780,Sydney,Active,15,147
1463,Wanda 1462,DevOps,81690,Mumbai,Inactive,14,147
1464,Xavi 1463,Engineering,83339,Toronto,On Leave,12,147
1465,Yara 1464,Marketing,142902,New York,Active,20,147
1466,Zoe 1465,HR,62494,London,Inactive,12,147
1467,Aaron 1466,Finance,51125,Paris,On Leave,17,147
1468,Beth 1467,Sales,77762,Berlin,Active,7,147
1469,Carlos 1468,Legal,128341,Tokyo,Inactive,14,147
1470,Dana 1469,DevOps,65983,Sydney,On Leave,4,147
1471,Alice 1470,Engineering,95360,Mumbai,Active,1,148
1472,Bob 1471,Marketing,133969,Toronto,Inactive,11,148
1473,Carol 1472,HR,81338,New York,On Leave,13,148
1474,Dave 1473,Finance,56929,London,Active,17,148
1475,Eve 1474,Sales,106628,Paris,Inactive,12,148
1476,Frank 1475,Legal,102327,Berlin,On Leave,1,148
1477,Grace 1476,DevOps,114601,Tokyo,Active,4,148
1478,Heidi 1477,Engineering,95285,Sydney,Inactive,3,148
1479,Ivan 1478,Marketing,73767,Mumbai,On Leave,3,148
1480,Judy 1479,HR,46008,Toronto,Active,17,148
1481,Karl 1480,Finance,88235,New York,Inactive,8,149
1482,Lisa 1481,Sales,74363,London,On Leave,19,149
1483,Mike 1482,Legal,61494,Paris,Active,1,149
1484,Nina 1483,DevOps,97164,Berlin,Inactive,3,149
1485,Oscar 1484,Engineering,53160,Tokyo,On Leave,20,149
1486,Pat 1485,Marketing,149289,Sydney,Active,20,149
1487,Quinn 1486,HR,54721,Mumbai,Inactive,10,149
1488,Ruth 1487,Finance,98486,Toronto,On Leave,5,149
1489,Sam 1488,Sales,62015,New York,Active,17,149
1490,Tara 1489,Legal,108727,London,Inactive,2,149
1491,Uma 1490,DevOps,93688,Paris,On Leave,16,150
1492,Vic 1491,Engineering,77930,Berlin,Active,1,150
1493,Wanda 1492,Marketing,127894,Tokyo,Inactive,12,150
1494,Xavi 1493,HR,46067,Sydney,On Leave,15,150
1495,Yara 1494,Finance,145837,Mumbai,Active,2,150
1496,Zoe 1495,Sales,86378,Toronto,Inactive,20,150
1497,Aaron 1496,Legal,71799,New York,On Leave,7,150
1498,Beth 1497,DevOps,107100,London,Active,12,150
1499,Carlos 1498,Engineering,58625,Paris,Inactive,17,150
1500,Dana 1499,Marketing,105523,Berlin,On Leave,1,150
1501,Alice 1500,HR,136698,Tokyo,Active,15,151
1502,Bob 1501,Finance,129438,Sydney,Inactive,8,151
1503,Carol 1502,Sales,68743,Mumbai,On Leave,1,151
1504,Dave 1503,Legal,71790,Toronto,Active,9,151
1505,Eve 1504,DevOps,128328,New York,Inactive,17,151
1506,Frank 1505,Engineering,137572,London,On Leave,4,151
1507,Grace 1506,Marketing,142166,Paris,Active,11,151
1508,Heidi 1507,HR,133317,Berlin,Inactive,18,151
1509,Ivan 1508,Finance,111557,Tokyo,On Leave,2,151
1510,Judy 1509,Sales,103294,Sydney,Active,16,151
1511,Karl 1510,Legal,137436,Mumbai,Inactive,4,152
1512,Lisa 1511,DevOps,117428,Toronto,On Leave,13,152
1513,Mike 1512,Engineering,108695,New York,Active,16,152
1514,Nina 1513,Marketing,54125,London,Inactive,13,152
1515,Oscar 1514,HR,59786,Paris,On Leave,19,152
1516,Pat 1515,Finance,86505,Berlin,Active,6,152
1517,Quinn 1516,Sales,64571,Tokyo,Inactive,13,152
1518,Ruth 1517,Legal,78951,Sydney,On Leave,8,152
1519,Sam 1518,DevOps,95238,Mumbai,Active,8,152
1520,Tara 1519,Engineering,130683,Toronto,Inactive,13,152
1521,Uma 1520,Marketing,54491,New York,On Leave,1,153
1522,Vic 1521,HR,64639,London,Active,6,153
1523,Wanda 1522,Finance,55217,Paris,Inactive,16,153
1524,Xavi 1523,Sales,101567,Berlin,On Leave,8,153
1525,Yara 1524,Legal,68714,Tokyo,Active,10,153
1526,Zoe 1525,DevOps,65229,Sydney,Inactive,14,153
1527,Aaron 1526,Engineering,130713,Mumbai,On Leave,11,153
1528,Beth 1527,Marketing,111248,Toronto,Active,7,153
1529,Carlos 1528,HR,141544,New York,Inactive,6,153
1530,Dana 1529,Finance,108045,London,On Leave,3,153
1531,Alice 1530,Sales,104339,Paris,Active,14,154
1532,Bob 1531,Legal,83028,Berlin,Inactive,9,154
1533,Carol 1532,DevOps,60403,Tokyo,On Leave,12,154
1534,Dave 1533,Engineering,133158,Sydney,Active,5,154
1535,Eve 1534,Marketing,136402,Mumbai,Inactive,12,154
1536,Frank 1535,HR,76196,Toronto,On Leave,3,154
1537,Grace 1536,Finance,65490,New York,Active,15,154
1538,Heidi 1537,Sales,88373,London,Inactive,4,154
1539,Ivan 1538,Legal,74280,Paris,On Leave,11,154
1540,Judy 1539,DevOps,124849,Berlin,Active,17,154
1541,Karl 1540,Engineering,84167,Tokyo,Inactive,7,155
1542,Lisa 1541,Marketing,101101,Sydney,On Leave,16,155
1543,Mike 1542,HR,132485,Mumbai,Active,14,155
1544,Nina 1543,Finance,101884,Toronto,Inactive,4,155
1545,Oscar 1544,Sales,90701,New York,On Leave,19,155
1546,Pat 1545,Legal,138299,London,Active,5,155
1547,Quinn 1546,DevOps,86717,Paris,Inactive,10,155
1548,Ruth 1547,Engineering,81771,Berlin,On Leave,7,155
1549,Sam 1548,Marketing,45282,Tokyo,Active,19,155
1550,Tara 1549,HR,55107,Sydney,Inactive,11,155
1551,Uma 1550,Finance,129713,Mumbai,On Leave,1,156
1552,Vic 1551,Sales,130987,Toronto,Active,7,156
1553,Wanda 1552,Legal,84414,New York,Inactive,10,156
1554,Xavi 1553,DevOps,91128,London,On Leave,3,156
1555,Yara 1554,Engineering,63777,Paris,Active,5,156
1556,Zoe 1555,Marketing,133213,Berlin,Inactive,2,156
1557,Aaron 1556,HR,101011,Tokyo,On Leave,11,156
1558,Beth 1557,Finance,107823,Sydney,Active,16,156
1559,Carlos 1558,Sales,149681,Mumbai,Inactive,4,156
1560,Dana 1559,Legal,68947,Toronto,On Leave,13,156
1561,Alice 1560,DevOps,105009,New York,Active,19,157
1562,Bob 1561,Engineering,100772,London,Inactive,3,157
1563,Carol 1562,Marketing,138837,Paris,On Leave,14,157
1564,Dave 1563,HR,146485,Berlin,Active,13,157
1565,Eve 1564,Finance,144849,Tokyo,Inactive,10,157
1566,Frank 1565,Sales,117266,Sydney,On Leave,4,157
1567,Grace 1566,Legal,66725,Mumbai,Active,7,157
1568,Heidi 1567,DevOps,81468,Toronto,Inactive,19,157
1569,Ivan 1568,Engineering,55333,New York,On Leave,3,157
1570,Judy 1569,Marketing,139267,London,Active,3,157
1571,Karl 1570,HR,93842,Paris,Inactive,1,158
1572,Lisa 1571,Finance,76657,Berlin,On Leave,7,158
1573,Mike 1572,Sales,94215,Tokyo,Active,12,158
1574,Nina 1573,Legal,65412,Sydney,Inactive,15,158
1575,Oscar 1574,DevOps,49586,Mumbai,On Leave,18,158
1576,Pat 1575,Engineering,66812,Toronto,Active,4,158
1577,Quinn 1576,Marketing,75057,New York,Inactive,5,158
1578,Ruth 1577,HR,69058,London,On Leave,13,158
1579,Sam 1578,Finance,125948,Paris,Active,11,158
1580,Tara 1579,Sales,126687,Berlin,Inactive,13,158
1581,Uma 1580,Legal,91496,Tokyo,On Leave,15,159
1582,Vic 1581,DevOps,62774,Sydney,Active,11,159
1583,Wanda 1582,Engineering,118439,Mumbai,Inactive,6,159
1584,Xavi 1583,Marketing,80746,Toronto,On Leave,1,159
1585,Yara 1584,HR,134992,New York,Active,2,159
1586,Zoe 1585,Finance,56595,London,Inactive,11,159
1587,Aaron 1586,Sales,125296,Paris,On Leave,18,159
1588,Beth 1587,Legal,113913,Berlin,Active,20,159
1589,Carlos 1588,DevOps,46316,Tokyo,Inactive,10,159
1590,Dana 1589,Engineering,49453,Sydney,On Leave,17,159
1591,Alice 1590,Marketing,97376,Mumbai,Active,10,160
1592,Bob 1591,HR,112198,Toronto,Inactive,10,160
1593,Carol 1592,Finance,99096,New York,On Leave,8,160
1594,Dave 1593,Sales,67710,London,Active,3,160
1595,Eve 1594,Legal,98082,Paris,Inactive,9,160
1596,Frank 1595,DevOps,122859,Berlin,On Leave,1,160
1597,Grace 1596,Engineering,148711,Tokyo,Active,17,160
1598,Heidi 1597,Marketing,90158,Sydney,Inactive,7,160
1599,Ivan 1598,HR,133247,Mumbai,On Leave,19,160
1600,Judy 1599,Finance,47575,Toronto,Active,13,160
1601,Karl 1600,Sales,117046,New York,Inactive,17,161
1602,Lisa 1601,Legal,135089,London,On Leave,20,161
1603,Mike 1602,DevOps,70396,Paris,Active,14,161
1604,Nina 1603,Engineering,118602,Berlin,Inactive,14,161
1605,Oscar 1604,Marketing,104976,Tokyo,On Leave,3,161
1606,Pat 1605,HR,128547,Sydney,Active,20,161
1607,Quinn 1606,Finance,82539,Mumbai,Inactive,6,161
1608,Ruth 1607,Sales,68821,Toronto,On Leave,18,161
1609,Sam 1608,Legal,114460,New York,Active,9,161
1610,Tara 1609,DevOps,51814,London,Inactive,11,161
1611,Uma 1610,Engineering,140010,Paris,On Leave,13,162
1612,Vic 1611,Marketing,102008,Berlin,Active,16,162
1613,Wanda 1612,HR,82360,Tokyo,Inactive,9,162
1614,Xavi 1613,Finance,78308,Sydney,On Leave,12,162
1615,Yara 1614,Sales,114391,Mumbai,Active,2,162
1616,Zoe 1615,Legal,109932,Toronto,Inactive,7,162
1617,Aaron 1616,DevOps,70632,New York,On Leave,6,162
1618,Beth 1617,Engineering,47472,London,Active,4,162
1619,Carlos 1618,Marketing,76581,Paris,Inactive,7,162
1620,Dana 1619,HR,126190,Berlin,On Leave,20,162
1621,Alice 1620,Finance,63015,Tokyo,Active,2,163
1622,Bob 1621,Sales,47857,Sydney,Inactive,14,163
1623,Carol 1622,Legal,114984,Mumbai,On Leave,7,163
1624,Dave 1623,DevOps,61828,Toronto,Active,10,163
1625,Eve 1624,Engineering,128042,New York,Inactive,12,163
1626,Frank 1625,Marketing,45430,London,On Leave,14,163
1627,Grace 1626,HR,126411,Paris,Active,16,163
1628,Heidi 1627,Finance,68125,Berlin,Inactive,7,163
1629,Ivan 1628,Sales,96960,Tokyo,On Leave,1,163
1630,Judy 1629,Legal,147981,Sydney,Active,1,163
1631,Karl 1630,DevOps,88726,Mumbai,Inactive,7,164
1632,Lisa 1631,Engineering,82952,Toronto,On Leave,15,164
1633,Mike 1632,Marketing,146833,New York,Active,4,164
1634,Nina 1633,HR,90708,London,Inactive,17,164
1635,Oscar 1634,Finance,144653,Paris,On Leave,2,164
1636,Pat 1635,Sales,98711,Berlin,Active,11,164
1637,Quinn 1636,Legal,103233,Tokyo,Inactive,7,164
1638,Ruth 1637,DevOps,137609,Sydney,On Leave,7,164
1639,Sam 1638,Engineering,76899,Mumbai,Active,15,164
1640,Tara 1639,Marketing,79802,Toronto,Inactive,11,164
1641,Uma 1640,HR,50275,New York,On Leave,8,165
1642,Vic 1641,Finance,68446,London,Active,7,165
1643,Wanda 1642,Sales,108291,Paris,Inactive,14,165
1644,Xavi 1643,Legal,83064,Berlin,On Leave,12,165
1645,Yara 1644,DevOps,111560,Tokyo,Active,17,165
1646,Zoe 1645,Engineering,86367,Sydney,Inactive,1,165
1647,Aaron 1646,Marketing,117363,Mumbai,On Leave,1,165
1648,Beth 1647,HR,104135,Toronto,Active,1,165
1649,Carlos 1648,Finance,140541,New York,Inactive,5,165
1650,Dana 1649,Sales,111369,London,On Leave,7,165
1651,Alice 1650,Legal,52080,Paris,Active,16,166
1652,Bob 1651,DevOps,116589,Berlin,Inactive,6,166
1653,Carol 1652,Engineering,109200,Tokyo,On Leave,18,166
1654,Dave 1653,Marketing,64542,Sydney,Active,14,166
1655,Eve 1654,HR,119443,Mumbai,Inactive,9,166
1656,Frank 1655,Finance,97455,Toronto,On Leave,6,166
1657,Grace 1656,Sales,84304,New York,Active,9,166
1658,Heidi 1657,Legal,133976,London,Inactive,14,166
1659,Ivan 1658,DevOps,50635,Paris,On Leave,12,166
1660,Judy 1659,Engineering,60842,Berlin,Active,5,166
1661,Karl 1660,Marketing,134351,Tokyo,Inactive,16,167
1662,Lisa 1661,HR,130672,Sydney,On Leave,7,167
1663,Mike 1662,Finance,48535,Mumbai,Active,3,167
1664,Nina 1663,Sales,99684,Toronto,Inactive,2,167
1665,Oscar 1664,Legal,132391,New York,On Leave,5,167
1666,Pat 1665,DevOps,96072,London,Active,6,167
1667,Quinn 1666,Engineering,109422,Paris,Inactive,19,167
1668,Ruth 1667,Marketing,100705,Berlin,On Leave,6,167
1669,Sam 1668,HR,49032,Tokyo,Active,15,167
1670,Tara 1669,Finance,98511,Sydney,Inactive,8,167
1671,Uma 1670,Sales,104467,Mumbai,On Leave,10,168
1672,Vic 1671,Legal,129290,Toronto,Active,15,168
1673,Wanda 1672,DevOps,76514,New York,Inactive,7,168
1674,Xavi 1673,Engineering,75447,London,On Leave,18,168
1675,Yara 1674,Marketing,52157,Paris,Active,11,168
1676,Zoe 1675,HR,125512,Berlin,Inactive,17,168
1677,Aaron 1676,Finance,88714,Tokyo,On Leave,16,168
1678,Beth 1677,Sales,124631,Sydney,Active,4,168
1679,Carlos 1678,Legal,95965,Mumbai,Inactive,19,168
1680,Dana 1679,DevOps,58290,Toronto,On Leave,9,168
1681,Alice 1680,Engineering,114963,New York,Active,6,169
1682,Bob 1681,Marketing,128850,London,Inactive,3,169
1683,Carol 1682,HR,120303,Paris,On Leave,5,169
1684,Dave 1683,Finance,119209,Berlin,Active,14,169
1685,Eve 1684,Sales,144720,Tokyo,Inactive,3,169
1686,Frank 1685,Legal,149571,Sydney,On Leave,9,169
1687,Grace 1686,DevOps,46395,Mumbai,Active,16,169
1688,Heidi 1687,Engineering,137781,Toronto,Inactive,18,169
1689,Ivan 1688,Marketing,112312,New York,On Leave,9,169
1690,Judy 1689,HR,133974,London,Active,7,169
1691,Karl 1690,Finance,106971,Paris,Inactive,19,170
1692,Lisa 1691,Sales,67202,Berlin,On Leave,7,170
1693,Mike 1692,Legal,143286,Tokyo,Active,11,170
1694,Nina 1693,DevOps,99598,Sydney,Inactive,5,170
1695,Oscar 1694,Engineering,50445,Mumbai,On Leave,20,170
1696,Pat 1695,Marketing,125774,Toronto,Active,3,170
1697,Quinn 1696,HR,63334,New York,Inactive,12,170
1698,Ruth 1697,Finance,149054,London,On Leave,13,170
1699,Sam 1698,Sales,90367,Paris,Active,12,170
1700,Tara 1699,Legal,61771,Berlin,Inactive,2,170
1701,Uma 1700,DevOps,127376,Tokyo,On Leave,3,171
1702,Vic 1701,Engineering,112810,Sydney,Active,5,171
1703,Wanda 1702,Marketing,134442,Mumbai,Inactive,15,171
1704,Xavi 1703,HR,52479,Toronto,On Leave,15,171
1705,Yara 1704,Finance,110091,New York,Active,1,171
1706,Zoe 1705,Sales,96089,London,Inactive,7,171
1707,Aaron 1706,Legal,73746,Paris,On Leave,8,171
1708,Beth 1707,DevOps,114529,Berlin,Active,18,171
1709,Carlos 1708,Engineering,78888,Tokyo,Inactive,1,171
1710,Dana 1709,Marketing,55227,Sydney,On Leave,8,171
1711,Alice 1710,HR,76410,Mumbai,Active,1,172
1712,Bob 1711,Finance,143512,Toronto,Inactive,2,172
1713,Carol 1712,Sales,85282,New York,On Leave,18,172
1714,Dave 1713,Legal,115721,London,Active,18,172
1715,Eve 1714,DevOps,79147,Paris,Inactive,6,172
1716,Frank 1715,Engineering,91516,Berlin,On Leave,5,172
1717,Grace 1716,Marketing,76384,Tokyo,Active,18,172
1718,Heidi 1717,HR,66539,Sydney,Inactive,15,172
1719,Ivan 1718,Finance,50686,Mumbai,On Leave,8,172
1720,Judy 1719,Sales,104600,Toronto,Active,2,172
1721,Karl 1720,Legal,83937,New York,Inactive,19,173
1722,Lisa 1721,DevOps,149450,London,On Leave,20,173
1723,Mike 1722,Engineering,57291,Paris,Active,14,173
1724,Nina 1723,Marketing,121956,Berlin,Inactive,10,173
1725,Oscar 1724,HR,54043,Tokyo,On Leave,5,173
1726,Pat 1725,Finance,106777,Sydney,Active,19,173
1727,Quinn 1726,Sales,62076,Mumbai,Inactive,5,173
1728,Ruth 1727,Legal,57378,Toronto,On Leave,15,173
1729,Sam 1728,DevOps,135438,New York,Active,7,173
1730,Tara 1729,Engineering,107166,London,Inactive,1,173
1731,Uma 1730,Marketing,128260,Paris,On Leave,1,174
1732,Vic 1731,HR,149976,Berlin,Active,12,174
1733,Wanda 1732,Finance,96182,Tokyo,Inactive,16,174
1734,Xavi 1733,Sales,54534,Sydney,On Leave,6,174
1735,Yara 1734,Legal,60709,Mumbai,Active,1,174
1736,Zoe 1735,DevOps,89861,Toronto,Inactive,15,174
1737,Aaron 1736,Engineering,96883,New York,On Leave,14,174
1738,Beth 1737,Marketing,59136,London,Active,13,174
1739,Carlos 1738,HR,92963,Paris,Inactive,13,174
1740,Dana 1739,Finance,109580,Berlin,On Leave,1,174
1741,Alice 1740,Sales,47708,Tokyo,Active,4,175
1742,Bob 1741,Legal,129749,Sydney,Inactive,16,175
1743,Carol 1742,DevOps,67843,Mumbai,On Leave,7,175
1744,Dave 1743,Engineering,138111,Toronto,Active,14,175
1745,Eve 1744,Marketing,71828,New York,Inactive,1,175
1746,Frank 1745,HR,129927,London,On Leave,3,175
1747,Grace 1746,Finance,76465,Paris,Active,19,175
1748,Heidi 1747,Sales,67405,Berlin,Inactive,19,175
1749,Ivan 1748,Legal,98676,Tokyo,On Leave,13,175
1750,Judy 1749,DevOps,133874,Sydney,Active,10,175
1751,Karl 1750,Engineering,84537,Mumbai,Inactive,4,176
1752,Lisa 1751,Marketing,75385,Toronto,On Leave,11,176
1753,Mike 1752,HR,49217,New York,Active,5,176
1754,Nina 1753,Finance,117244,London,Inactive,7,176
1755,Oscar 1754,Sales,132219,Paris,On Leave,19,176
1756,Pat 1755,Legal,93541,Berlin,Active,2,176
1757,Quinn 1756,DevOps,45993,Tokyo,Inactive,2,176
1758,Ruth 1757,Engineering,90596,Sydney,On Leave,8,176
1759,Sam 1758,Marketing,94613,Mumbai,Active,4,176
1760,Tara 1759,HR,106816,Toronto,Inactive,14,176
1761,Uma 1760,Finance,70570,New York,On Leave,9,177
1762,Vic 1761,Sales,80050,London,Active,11,177
1763,Wanda 1762,Legal,101636,Paris,Inactive,8,177
1764,Xavi 1763,DevOps,58059,Berlin,On Leave,13,177
1765,Yara 1764,Engineering,81665,Tokyo,Active,10,177
1766,Zoe 1765,Marketing,84177,Sydney,Inactive,14,177
1767,Aaron 1766,HR,89728,Mumbai,On Leave,7,177
1768,Beth 1767,Finance,109259,Toronto,Active,9,177
1769,Carlos 1768,Sales,59233,New York,Inactive,6,177
1770,Dana 1769,Legal,101372,London,On Leave,1,177
1771,Alice 1770,DevOps,123232,Paris,Active,18,178
1772,Bob 1771,Engineering,49890,Berlin,Inactive,11,178
1773,Carol 1772,Marketing,138618,Tokyo,On Leave,10,178
1774,Dave 1773,HR,148998,Sydney,Active,19,178
1775,Eve 1774,Finance,123073,Mumbai,Inactive,18,178
1776,Frank 1775,Sales,58748,Toronto,On Leave,18,178
1777,Grace 1776,Legal,93291,New York,Active,3,178
1778,Heidi 1777,DevOps,84062,London,Inactive,9,178
1779,Ivan 1778,Engineering,93074,Paris,On Leave,8,178
1780,Judy 1779,Marketing,100286,Berlin,Active,11,178
1781,Karl 1780,HR,121287,Tokyo,Inactive,16,179
1782,Lisa 1781,Finance,111235,Sydney,On Leave,17,179
1783,Mike 1782,Sales,133765,Mumbai,Active,18,179
1784,Nina 1783,Legal,78281,Toronto,Inactive,1,179
1785,Oscar 1784,DevOps,147366,New York,On Leave,18,179
1786,Pat 1785,Engineering,125686,London,Active,11,179
1787,Quinn 1786,Marketing,63831,Paris,Inactive,7,179
1788,Ruth 1787,HR,82196,Berlin,On Leave,17,179
1789,Sam 1788,Finance,113369,Tokyo,Active,4,179
1790,Tara 1789,Sales,92085,Sydney,Inactive,16,179
1791,Uma 1790,Legal,149379,Mumbai,On Leave,20,180
1792,Vic 1791,DevOps,141980,Toronto,Active,1,180
1793,Wanda 1792,Engineering,85122,New York,Inactive,2,180
1794,Xavi 1793,Marketing,93345,London,On Leave,16,180
1795,Yara 1794,HR,75804,Paris,Active,10,180
1796,Zoe 1795,Finance,127947,Berlin,Inactive,3,180
1797,Aaron 1796,Sales,69780,Tokyo,On Leave,16,180
1798,Beth 1797,Legal,108004,Sydney,Active,19,180
1799,Carlos 1798,DevOps,112074,Mumbai,Inactive,9,180
1800,Dana 1799,Engineering,134515,Toronto,On Leave,8,180
1801,Alice 1800,Marketing,54059,New York,Active,17,181
1802,Bob 1801,HR,69213,London,Inactive,16,181
1803,Carol 1802,Finance,65220,Paris,On Leave,5,181
1804,Dave 1803,Sales,108647,Berlin,Active,19,181
1805,Eve 1804,Legal,68871,Tokyo,Inactive,1,181
1806,Frank 1805,DevOps,64852,Sydney,On Leave,20,181
1807,Grace 1806,Engineering,85163,Mumbai,Active,6,181
1808,Heidi 1807,Marketing,70614,Toronto,Inactive,16,181
1809,Ivan 1808,HR,78147,New York,On Leave,7,181
1810,Judy 1809,Finance,59919,London,Active,17,181
1811,Karl 1810,Sales,96397,Paris,Inactive,3,182
1812,Lisa 1811,Legal,51833,Berlin,On Leave,4,182
1813,Mike 1812,DevOps,132990,Tokyo,Active,8,182
1814,Nina 1813,Engineering,68952,Sydney,Inactive,13,182
1815,Oscar 1814,Marketing,73642,Mumbai,On Leave,19,182
1816,Pat 1815,HR,126351,Toronto,Active,11,182
1817,Quinn 1816,Finance,101798,New York,Inactive,19,182
1818,Ruth 1817,Sales,75691,London,On Leave,15,182
1819,Sam 1818,Legal,132000,Paris,Active,15,182
1820,Tara 1819,DevOps,85826,Berlin,Inactive,6,182
1821,Uma 1820,Engineering,120934,Tokyo,On Leave,13,183
1822,Vic 1821,Marketing,142887,Sydney,Active,13,183
1823,Wanda 1822,HR,144485,Mumbai,Inactive,8,183
1824,Xavi 1823,Finance,132847,Toronto,On Leave,9,183
1825,Yara 1824,Sales,82926,New York,Active,12,183
1826,Zoe 1825,Legal,145975,London,Inactive,7,183
1827,Aaron 1826,DevOps,46536,Paris,On Leave,9,183
1828,Beth 1827,Engineering,88732,Berlin,Active,3,183
1829,Carlos 1828,Marketing,92251,Tokyo,Inactive,2,183
1830,Dana 1829,HR,149169,Sydney,On Leave,12,183
1831,Alice 1830,Finance,47043,Mumbai,Active,7,184
1832,Bob 1831,Sales,122668,Toronto,Inactive,8,184
1833,Carol 1832,Legal,64293,New York,On Leave,4,184
1834,Dave 1833,DevOps,73049,London,Active,11,184
1835,Eve 1834,Engineering,73256,Paris,Inactive,9,184
1836,Frank 1835,Marketing,62282,Berlin,On Leave,10,184
1837,Grace 1836,HR,126749,Tokyo,Active,11,184
1838,Heidi 1837,Finance,93198,Sydney,Inactive,6,184
1839,Ivan 1838,Sales,127114,Mumbai,On Leave,9,184
1840,Judy 1839,Legal,101853,Toronto,Active,4,184
1841,Karl 1840,DevOps,129238,New York,Inactive,15,185
1842,Lisa 1841,Engineering,127056,London,On Leave,3,185
1843,Mike 1842,Marketing,74119,Paris,Active,1,185
1844,Nina 1843,HR,72639,Berlin,Inactive,8,185
1845,Oscar 1844,Finance,46282,Tokyo,On Leave,14,185
1846,Pat 1845,Sales,70978,Sydney,Active,6,185
1847,Quinn 1846,Legal,144049,Mumbai,Inactive,1,185
1848,Ruth 1847,DevOps,114181,Toronto,On Leave,13,185
1849,Sam 1848,Engineering,68140,New York,Active,7,185
1850,Tara 1849,Marketing,110024,London,Inactive,10,185
1851,Uma 1850,HR,66254,Paris,On Leave,6,186
1852,Vic 1851,Finance,147849,Berlin,Active,14,186
1853,Wanda 1852,Sales,68263,Tokyo,Inactive,18,186
1854,Xavi 1853,Legal,130223,Sydney,On Leave,2,186
1855,Yara 1854,DevOps,110164,Mumbai,Active,12,186
1856,Zoe 1855,Engineering,101736,Toronto,Inactive,11,186
1857,Aaron 1856,Marketing,66898,New York,On Leave,16,186
1858,Beth 1857,HR,75494,London,Active,9,186
1859,Carlos 1858,Finance,87720,Paris,Inactive,2,186
1860,Dana 1859,Sales,102538,Berlin,On Leave,3,186
1861,Alice 1860,Legal,113793,Tokyo,Active,19,187
1862,Bob 1861,DevOps,61293,Sydney,Inactive,13,187
1863,Carol 1862,Engineering,112569,Mumbai,On Leave,3,187
1864,Dave 1863,Marketing,143145,Toronto,Active,12,187
1865,Eve 1864,HR,48184,New York,Inactive,20,187
1866,Frank 1865,Finance,134262,London,On Leave,4,187
1867,Grace 1866,Sales,98835,Paris,Active,5,187
1868,Heidi 1867,Legal,119739,Berlin,Inactive,8,187
1869,Ivan 1868,DevOps,55590,Tokyo,On Leave,3,187
1870,Judy 1869,Engineering,63106,Sydney,Active,15,187
1871,Karl 1870,Marketing,144051,Mumbai,Inactive,2,188
1872,Lisa 1871,HR,130764,Toronto,On Leave,13,188
1873,Mike 1872,Finance,87475,New York,Active,16,188
1874,Nina 1873,Sales,125696,London,Inactive,19,188
1875,Oscar 1874,Legal,111222,Paris,On Leave,11,188
1876,Pat 1875,DevOps,134964,Berlin,Active,10,188
1877,Quinn 1876,Engineering,145687,Tokyo,Inactive,3,188
1878,Ruth 1877,Marketing,140229,Sydney,On Leave,16,188
1879,Sam 1878,HR,72649,Mumbai,Active,20,188
1880,Tara 1879,Finance,101812,Toronto,Inactive,3,188
1881,Uma 1880,Sales,115716,New York,On Leave,13,189
1882,Vic 1881,Legal,133626,London,Active,2,189
1883,Wanda 1882,DevOps,58534,Paris,Inactive,19,189
1884,Xavi 1883,Engineering,131973,Berlin,On Leave,20,189
1885,Yara 1884,Marketing,75499,Tokyo,Active,19,189
1886,Zoe 1885,HR,46243,Sydney,Inactive,20,189
1887,Aaron 1886,Finance,75944,Mumbai,On Leave,14,189
1888,Beth 1887,Sales,79666,Toronto,Active,5,189
1889,Carlos 1888,Legal,102787,New York,Inactive,7,189
1890,Dana 1889,DevOps,125953,London,On Leave,9,189
1891,Alice 1890,Engineering,102701,Paris,Active,8,190
1892,Bob 1891,Marketing,57334,Berlin,Inactive,15,190
1893,Carol 1892,HR,50581,Tokyo,On Leave,15,190
1894,Dave 1893,Finance,105905,Sydney,Active,20,190
1895,Eve 1894,Sales,91581,Mumbai,Inactive,13,190
1896,Frank 1895,Legal,63238,Toronto,On Leave,20,190
1897,Grace 1896,DevOps,53195,New York,Active,3,190
1898,Heidi 1897,Engineering,76194,London,Inactive,4,190
1899,Ivan 1898,Marketing,121666,Paris,On Leave,7,190
1900,Judy 1899,HR,73379,Berlin,Active,15,190
1901,Karl 1900,Finance,144251,Tokyo,Inactive,18,191
1902,Lisa 1901,Sales,91402,Sydney,On Leave,12,191
1903,Mike 1902,Legal,83682,Mumbai,Active,13,191
1904,Nina 1903,DevOps,124118,Toronto,Inactive,9,191
1905,Oscar 1904,Engineering,138070,New York,On Leave,6,191
1906,Pat 1905,Marketing,69272,London,Active,10,191
1907,Quinn 1906,HR,92967,Paris,Inactive,8,191
1908,Ruth 1907,Finance,80766,Berlin,On Leave,2,191
1909,Sam 1908,Sales,80991,Tokyo,Active,10,191
1910,Tara 1909,Legal,110904,Sydney,Inactive,20,191
1911,Uma 1910,DevOps,127707,Mumbai,On Leave,17,192
1912,Vic 1911,Engineering,90993,Toronto,Active,3,192
1913,Wanda 1912,Marketing,60451,New York,Inactive,19,192
1914,Xavi 1913,HR,84059,London,On Leave,20,192
1915,Yara 1914,Finance,143196,Paris,Active,3,192
1916,Zoe 1915,Sales,117427,Berlin,Inactive,10,192
1917,Aaron 1916,Legal,50362,Tokyo,On Leave,17,192
1918,Beth 1917,DevOps,66667,Sydney,Active,6,192
1919,Carlos 1918,Engineering,86301,Mumbai,Inactive,6,192
1920,Dana 1919,Marketing,72914,Toronto,On Leave,15,192
1921,Alice 1920,HR,148181,New York,Active,6,193
1922,Bob 1921,Finance,129983,London,Inactive,7,193
1923,Carol 1922,Sales,93316,Paris,On Leave,3,193
1924,Dave 1923,Legal,82428,Berlin,Active,13,193
1925,Eve 1924,DevOps,128183,Tokyo,Inactive,2,193
1926,Frank 1925,Engineering,125523,Sydney,On Leave,20,193
1927,Grace 1926,Marketing,136287,Mumbai,Active,4,193
1928,Heidi 1927,HR,122613,Toronto,Inactive,13,193
1929,Ivan 1928,Finance,77941,New York,On Leave,13,193
1930,Judy 1929,Sales,97894,London,Active,14,193
1931,Karl 1930,Legal,77206,Paris,Inactive,11,194
1932,Lisa 1931,DevOps,142169,Berlin,On Leave,3,194
1933,Mike 1932,Engineering,53189,Tokyo,Active,11,194
1934,Nina 1933,Marketing,126081,Sydney,Inactive,20,194
1935,Oscar 1934,HR,91818,Mumbai,On Leave,14,194
1936,Pat 1935,Finance,144251,Toronto,Active,17,194
1937,Quinn 1936,Sales,118361,New York,Inactive,2,194
1938,Ruth 1937,Legal,107567,London,On Leave,8,194
1939,Sam 1938,DevOps,49846,Paris,Active,14,194
1940,Tara 1939,Engineering,54727,Berlin,Inactive,20,194
1941,Uma 1940,Marketing,79343,Tokyo,On Leave,5,195
1942,Vic 1941,HR,49126,Sydney,Active,14,195
1943,Wanda 1942,Finance,70052,Mumbai,Inactive,10,195
1944,Xavi 1943,Sales,83421,Toronto,On Leave,11,195
1945,Yara 1944,Legal,136421,New York,Active,2,195
1946,Zoe 1945,DevOps,89642,London,Inactive,13,195
1947,Aaron 1946,Engineering,61946,Paris,On Leave,5,195
1948,Beth 1947,Marketing,113982,Berlin,Active,12,195
1949,Carlos 1948,HR,64108,Tokyo,Inactive,4,195
1950,Dana 1949,Finance,81219,Sydney,On Leave,9,195
1951,Alice 1950,Sales,106027,Mumbai,Active,9,196
1952,Bob 1951,Legal,118129,Toronto,Inactive,3,196
1953,Carol 1952,DevOps,112760,New York,On Leave,17,196
1954,Dave 1953,Engineering,141410,London,Active,6,196
1955,Eve 1954,Marketing,85477,Paris,Inactive,3,196
1956,Frank 1955,HR,128870,Berlin,On Leave,11,196
1957,Grace 1956,Finance,68983,Tokyo,Active,9,196
1958,Heidi 1957,Sales,78421,Sydney,Inactive,7,196
1959,Ivan 1958,Legal,62950,Mumbai,On Leave,20,196
1960,Judy 1959,DevOps,127333,Toronto,Active,12,196
1961,Karl 1960,Engineering,54638,New York,Inactive,15,197
1962,Lisa 1961,Marketing,56586,London,On Leave,19,197
1963,Mike 1962,HR,96202,Paris,Active,20,197
1964,Nina 1963,Finance,87735,Berlin,Inactive,13,197
1965,Oscar 1964,Sales,77441,Tokyo,On Leave,15,197
1966,Pat 1965,Legal,119606,Sydney,Active,10,197
1967,Quinn 1966,DevOps,129914,Mumbai,Inactive,6,197
1968,Ruth 1967,Engineering,140992,Toronto,On Leave,20,197
1969,Sam 1968,Marketing,108567,New York,Active,13,197
1970,Tara 1969,HR,148839,London,Inactive,14,197
1971,Uma 1970,Finance,53995,Paris,On Leave,14,198
1972,Vic 1971,Sales,123236,Berlin,Active,8,198
1973,Wanda 1972,Legal,49651,Tokyo,Inactive,5,198
1974,Xavi 1973,DevOps,135003,Sydney,On Leave,2,198
1975,Yara 1974,Engineering,125550,Mumbai,Active,5,198
1976,Zoe 1975,Marketing,137140,Toronto,Inactive,18,198
1977,Aaron 1976,HR,70242,New York,On Leave,15,198
1978,Beth 1977,Finance,91706,London,Active,1,198
1979,Carlos 1978,Sales,95413,Paris,Inactive,9,198
1980,Dana 1979,Legal,143437,Berlin,On Leave,9,198
1981,Alice 1980,DevOps,91449,Tokyo,Active,11,199
1982,Bob 1981,Engineering,115483,Sydney,Inactive,16,199
1983,Carol 1982,Marketing,124458,Mumbai,On Leave,8,199
1984,Dave 1983,HR,53289,Toronto,Active,7,199
1985,Eve 1984,Finance,91813,New York,Inactive,19,199
1986,Frank 1985,Sales,63206,London,On Leave,15,199
1987,Grace 1986,Legal,123171,Paris,Active,17,199
1988,Heidi 1987,DevOps,98490,Berlin,Inactive,15,199
1989,Ivan 1988,Engineering,71577,Tokyo,On Leave,8,199
1990,Judy 1989,Marketing,56064,Sydney,Active,16,199
1991,Karl 1990,HR,115329,Mumbai,Inactive,14,200
1992,Lisa 1991,Finance,80283,Toronto,On Leave,20,200
1993,Mike 1992,Sales,112443,New York,Active,17,200
1994,Nina 1993,Legal,65980,London,Inactive,3,200
1995,Oscar 1994,DevOps,141327,Paris,On Leave,16,200
1996,Pat 1995,Engineering,68813,Berlin,Active,18,200
1997,Quinn 1996,Marketing,72587,Tokyo,Inactive,13,200
1998,Ruth 1997,HR,98249,Sydney,On Leave,14,200
1999,Sam 1998,Finance,125818,Mumbai,Active,1,200
2000,Tara 1999,Sales,58656,Toronto,Inactive,12,200
2001,Uma 2000,Legal,110743,New York,On Leave,9,201
2002,Vic 2001,DevOps,72060,London,Active,14,201
2003,Wanda 2002,Engineering,117999,Paris,Inactive,2,201
2004,Xavi 2003,Marketing,56319,Berlin,On Leave,16,201
2005,Yara 2004,HR,84846,Tokyo,Active,12,201
2006,Zoe 2005,Finance,133890,Sydney,Inactive,13,201
2007,Aaron 2006,Sales,68225,Mumbai,On Leave,8,201
2008,Beth 2007,Legal,120749,Toronto,Active,9,201
2009,Carlos 2008,DevOps,106184,New York,Inactive,16,201
2010,Dana 2009,Engineering,101037,London,On Leave,15,201
2011,Alice 2010,Marketing,145843,Paris,Active,3,202
2012,Bob 2011,HR,112854,Berlin,Inactive,5,202
2013,Carol 2012,Finance,92945,Tokyo,On Leave,10,202
2014,Dave 2013,Sales,123222,Sydney,Active,16,202
2015,Eve 2014,Legal,63197,Mumbai,Inactive,10,202
2016,Frank 2015,DevOps,110252,Toronto,On Leave,9,202
2017,Grace 2016,Engineering,59564,New York,Active,8,202
2018,Heidi 2017,Marketing,144175,London,Inactive,13,202
2019,Ivan 2018,HR,101962,Paris,On Leave,9,202
2020,Judy 2019,Finance,104124,Berlin,Active,17,202
2021,Karl 2020,Sales,122419,Tokyo,Inactive,9,203
2022,Lisa 2021,Legal,100203,Sydney,On Leave,16,203
2023,Mike 2022,DevOps,73925,Mumbai,Active,1,203
2024,Nina 2023,Engineering,142795,Toronto,Inactive,20,203
2025,Oscar 2024,Marketing,130599,New York,On Leave,1,203
2026,Pat 2025,HR,114385,London,Active,5,203
2027,Quinn 2026,Finance,70938,Paris,Inactive,3,203
2028,Ruth 2027,Sales,118878,Berlin,On Leave,13,203
2029,Sam 2028,Legal,50095,Tokyo,Active,6,203
2030,Tara 2029,DevOps,114846,Sydney,Inactive,5,203
2031,Uma 2030,Engineering,98130,Mumbai,On Leave,3,204
2032,Vic 2031,Marketing,64544,Toronto,Active,9,204
2033,Wanda 2032,HR,52390,New York,Inactive,11,204
2034,Xavi 2033,Finance,75711,London,On Leave,6,204
2035,Yara 2034,Sales,108239,Paris,Active,14,204
2036,Zoe 2035,Legal,137483,Berlin,Inactive,17,204
2037,Aaron 2036,DevOps,51597,Tokyo,On Leave,6,204
2038,Beth 2037,Engineering,64887,Sydney,Active,9,204
2039,Carlos 2038,Marketing,75682,Mumbai,Inactive,19,204
2040,Dana 2039,HR,67898,Toronto,On Leave,18,204
2041,Alice 2040,Finance,83443,New York,Active,15,205
2042,Bob 2041,Sales,88619,London,Inactive,17,205
2043,Carol 2042,Legal,144094,Paris,On Leave,7,205
2044,Dave 2043,DevOps,121285,Berlin,Active,9,205
2045,Eve 2044,Engineering,149995,Tokyo,Inactive,8,205
2046,Frank 2045,Marketing,55143,Sydney,On Leave,4,205
2047,Grace 2046,HR,129594,Mumbai,Active,6,205
2048,Heidi 2047,Finance,121102,Toronto,Inactive,7,205
2049,Ivan 2048,Sales,114299,New York,On Leave,19,205
2050,Judy 2049,Legal,110169,London,Active,19,205
2051,Karl 2050,DevOps,82396,Paris,Inactive,6,206
2052,Lisa 2051,Engineering,111891,Berlin,On Leave,6,206
2053,Mike 2052,Marketing,112236,Tokyo,Active,20,206
2054,Nina 2053,HR,46734,Sydney,Inactive,7,206
2055,Oscar 2054,Finance,108452,Mumbai,On Leave,7,206
2056,Pat 2055,Sales,85655,Toronto,Active,13,206
2057,Quinn 2056,Legal,80106,New York,Inactive,12,206
2058,Ruth 2057,DevOps,136390,London,On Leave,17,206
2059,Sam 2058,Engineering,126929,Paris,Active,5,206
2060,Tara 2059,Marketing,136673,Berlin,Inactive,15,206
2061,Uma 2060,HR,65693,Tokyo,On Leave,10,207
2062,Vic 2061,Finance,138348,Sydney,Active,1,207
2063,Wanda 2062,Sales,55228,Mumbai,Inactive,20,207
2064,Xavi 2063,Legal,58361,Toronto,On Leave,20,207
2065,Yara 2064,DevOps,123985,New York,Active,18,207
2066,Zoe 2065,Engineering,91987,London,Inactive,11,207
2067,Aaron 2066,Marketing,120937,Paris,On Leave,17,207
2068,Beth 2067,HR,56396,Berlin,Active,11,207
2069,Carlos 2068,Finance,115153,Tokyo,Inactive,6,207
2070,Dana 2069,Sales,76111,Sydney,On Leave,6,207
2071,Alice 2070,Legal,50622,Mumbai,Active,18,208
2072,Bob 2071,DevOps,76937,Toronto,Inactive,6,208
2073,Carol 2072,Engineering,56953,New York,On Leave,13,208
2074,Dave 2073,Marketing,89555,London,Active,3,208
2075,Eve 2074,HR,76516,Paris,Inactive,6,208
2076,Frank 2075,Finance,53830,Berlin,On Leave,12,208
2077,Grace 2076,Sales,113887,Tokyo,Active,1,208
2078,Heidi 2077,Legal,46731,Sydney,Inactive,6,208
2079,Ivan 2078,DevOps,71633,Mumbai,On Leave,7,208
2080,Judy 2079,Engineering,145835,Toronto,Active,13,208
2081,Karl 2080,Marketing,76234,New York,Inactive,15,209
2082,Lisa 2081,HR,104836,London,On Leave,4,209
2083,Mike 2082,Finance,79770,Paris,Active,14,209
2084,Nina 2083,Sales,50680,Berlin,Inactive,2,209
2085,Oscar 2084,Legal,110258,Tokyo,On Leave,10,209
2086,Pat 2085,DevOps,127486,Sydney,Active,13,209
2087,Quinn 2086,Engineering,100757,Mumbai,Inactive,4,209
2088,Ruth 2087,Marketing,97615,Toronto,On Leave,12,209
2089,Sam 2088,HR,139357,New York,Active,16,209
2090,Tara 2089,Finance,82959,London,Inactive,1,209
2091,Uma 2090,Sales,96198,Paris,On Leave,12,210
2092,Vic 2091,Legal,122727,Berlin,Active,4,210
2093,Wanda 2092,DevOps,97248,Tokyo,Inactive,13,210
2094,Xavi 2093,Engineering,45298,Sydney,On Leave,3,210
2095,Yara 2094,Marketing,70085,Mumbai,Active,1,210
2096,Zoe 2095,HR,68179,Toronto,Inactive,8,210
2097,Aaron 2096,Finance,81472,New York,On Leave,15,210
2098,Beth 2097,Sales,146969,London,Active,20,210
2099,Carlos 2098,Legal,79997,Paris,Inactive,10,210
2100,Dana 2099,DevOps,92680,Berlin,On Leave,8,210
2101,Alice 2100,Engineering,146000,Tokyo,Active,19,211
2102,Bob 2101,Marketing,91510,Sydney,Inactive,11,211
2103,Carol 2102,HR,80556,Mumbai,On Leave,6,211
2104,Dave 2103,Finance,146153,Toronto,Active,15,211
2105,Eve 2104,Sales,59844,New York,Inactive,13,211
2106,Frank 2105,Legal,129034,London,On Leave,8,211
2107,Grace 2106,DevOps,93625,Paris,Active,4,211
2108,Heidi 2107,Engineering,139214,Berlin,Inactive,11,211
2109,Ivan 2108,Marketing,54173,Tokyo,On Leave,13,211
2110,Judy 2109,HR,83963,Sydney,Active,1,211
2111,Karl 2110,Finance,79221,Mumbai,Inactive,12,212
2112,Lisa 2111,Sales,90147,Toronto,On Leave,8,212
2113,Mike 2112,Legal,65266,New York,Active,3,212
2114,Nina 2113,DevOps,83615,London,Inactive,11,212
2115,Oscar 2114,Engineering,50511,Paris,On Leave,1,212
2116,Pat 2115,Marketing,142769,Berlin,Active,9,212
2117,Quinn 2116,HR,68927,Tokyo,Inactive,19,212
2118,Ruth 2117,Finance,77033,Sydney,On Leave,7,212
2119,Sam 2118,Sales,137676,Mumbai,Active,10,212
2120,Tara 2119,Legal,57532,Toronto,Inactive,9,212
2121,Uma 2120,DevOps,101297,New York,On Leave,12,213
2122,Vic 2121,Engineering,133733,London,Active,20,213
2123,Wanda 2122,Marketing,111129,Paris,Inactive,8,213
2124,Xavi 2123,HR,109603,Berlin,On Leave,13,213
2125,Yara 2124,Finance,141068,Tokyo,Active,3,213
2126,Zoe 2125,Sales,133582,Sydney,Inactive,6,213
2127,Aaron 2126,Legal,67771,Mumbai,On Leave,8,213
2128,Beth 2127,DevOps,90606,Toronto,Active,5,213
2129,Carlos 2128,Engineering,108830,New York,Inactive,2,213
2130,Dana 2129,Marketing,72589,London,On Leave,10,213
2131,Alice 2130,HR,127416,Paris,Active,9,214
2132,Bob 2131,Finance,115860,Berlin,Inactive,15,214
2133,Carol 2132,Sales,106392,Tokyo,On Leave,9,214
2134,Dave 2133,Legal,141280,Sydney,Active,6,214
2135,Eve 2134,DevOps,113163,Mumbai,Inactive,11,214
2136,Frank 2135,Engineering,48999,Toronto,On Leave,14,214
2137,Grace 2136,Marketing,95450,New York,Active,17,214
2138,Heidi 2137,HR,144689,London,Inactive,1,214
2139,Ivan 2138,Finance,54642,Paris,On Leave,7,214
2140,Judy 2139,Sales,122385,Berlin,Active,6,214
2141,Karl 2140,Legal,134827,Tokyo,Inactive,13,215
2142,Lisa 2141,DevOps,62604,Sydney,On Leave,4,215
2143,Mike 2142,Engineering,47059,Mumbai,Active,1,215
2144,Nina 2143,Marketing,149072,Toronto,Inactive,16,215
2145,Oscar 2144,HR,90136,New York,On Leave,11,215
2146,Pat 2145,Finance,140364,London,Active,12,215
2147,Quinn 2146,Sales,103426,Paris,Inactive,19,215
2148,Ruth 2147,Legal,88468,Berlin,On Leave,13,215
2149,Sam 2148,DevOps,51618,Tokyo,Active,20,215
2150,Tara 2149,Engineering,59651,Sydney,Inactive,1,215
2151,Uma 2150,Marketing,49503,Mumbai,On Leave,16,216
2152,Vic 2151,HR,85215,Toronto,Active,2,216
2153,Wanda 2152,Finance,141774,New York,Inactive,12,216
2154,Xavi 2153,Sales,131620,London,On Leave,13,216
2155,Yara 2154,Legal,121596,Paris,Active,20,216
2156,Zoe 2155,DevOps,63193,Berlin,Inactive,7,216
2157,Aaron 2156,Engineering,128921,Tokyo,On Leave,18,216
2158,Beth 2157,Marketing,93637,Sydney,Active,6,216
2159,Carlos 2158,HR,88001,Mumbai,Inactive,20,216
2160,Dana 2159,Finance,107183,Toronto,On Leave,8,216
2161,Alice 2160,Sales,71871,New York,Active,6,217
2162,Bob 2161,Legal,108703,London,Inactive,1,217
2163,Carol 2162,DevOps,58075,Paris,On Leave,12,217
2164,Dave 2163,Engineering,87889,Berlin,Active,1,217
2165,Eve 2164,Marketing,90825,Tokyo,Inactive,16,217
2166,Frank 2165,HR,146515,Sydney,On Leave,6,217
2167,Grace 2166,Finance,46599,Mumbai,Active,1,217
2168,Heidi 2167,Sales,102351,Toronto,Inactive,7,217
2169,Ivan 2168,Legal,102868,New York,On Leave,12,217
2170,Judy 2169,DevOps,116335,London,Active,19,217
2171,Karl 2170,Engineering,124580,Paris,Inactive,19,218
2172,Lisa 2171,Marketing,107177,Berlin,On Leave,19,218
2173,Mike 2172,HR,61562,Tokyo,Active,14,218
2174,Nina 2173,Finance,91836,Sydney,Inactive,15,218
2175,Oscar 2174,Sales,104680,Mumbai,On Leave,14,218
2176,Pat 2175,Legal,48470,Toronto,Active,11,218
2177,Quinn 2176,DevOps,94975,New York,Inactive,10,218
2178,Ruth 2177,Engineering,55178,London,On Leave,5,218
2179,Sam 2178,Marketing,71497,Paris,Active,6,218
2180,Tara 2179,HR,146430,Berlin,Inactive,11,218
2181,Uma 2180,Finance,71532,Tokyo,On Leave,3,219
2182,Vic 2181,Sales,68716,Sydney,Active,11,219
2183,Wanda 2182,Legal,123390,Mumbai,Inactive,19,219
2184,Xavi 2183,DevOps,77135,Toronto,On Leave,11,219
2185,Yara 2184,Engineering,87021,New York,Active,15,219
2186,Zoe 2185,Marketing,131809,London,Inactive,15,219
2187,Aaron 2186,HR,147008,Paris,On Leave,18,219
2188,Beth 2187,Finance,61563,Berlin,Active,12,219
2189,Carlos 2188,Sales,69534,Tokyo,Inactive,20,219
2190,Dana 2189,Legal,121454,Sydney,On Leave,16,219
2191,Alice 2190,DevOps,140419,Mumbai,Active,18,220
2192,Bob 2191,Engineering,124407,Toronto,Inactive,20,220
2193,Carol 2192,Marketing,97534,New York,On Leave,15,220
2194,Dave 2193,HR,113836,London,Active,6,220
2195,Eve 2194,Finance,108368,Paris,Inactive,10,220
2196,Frank 2195,Sales,111952,Berlin,On Leave,8,220
2197,Grace 2196,Legal,148089,Tokyo,Active,14,220
2198,Heidi 2197,DevOps,69244,Sydney,Inactive,9,220
2199,Ivan 2198,Engineering,106361,Mumbai,On Leave,6,220
2200,Judy 2199,Marketing,95971,Toronto,Active,13,220
2201,Karl 2200,HR,64933,New York,Inactive,8,221
2202,Lisa 2201,Finance,86918,London,On Leave,13,221
2203,Mike 2202,Sales,65564,Paris,Active,6,221
2204,Nina 2203,Legal,76003,Berlin,Inactive,19,221
2205,Oscar 2204,DevOps,83312,Tokyo,On Leave,18,221
2206,Pat 2205,Engineering,148218,Sydney,Active,12,221
2207,Quinn 2206,Marketing,129756,Mumbai,Inactive,1,221
2208,Ruth 2207,HR,103765,Toronto,On Leave,1,221
2209,Sam 2208,Finance,102585,New York,Active,11,221
2210,Tara 2209,Sales,63171,London,Inactive,2,221
2211,Uma 2210,Legal,104779,Paris,On Leave,16,222
2212,Vic 2211,DevOps,47258,Berlin,Active,11,222
2213,Wanda 2212,Engineering,45746,Tokyo,Inactive,20,222
2214,Xavi 2213,Marketing,134607,Sydney,On Leave,13,222
2215,Yara 2214,HR,147241,Mumbai,Active,20,222
2216,Zoe 2215,Finance,110442,Toronto,Inactive,5,222
2217,Aaron 2216,Sales,109764,New York,On Leave,14,222
2218,Beth 2217,Legal,91567,London,Active,7,222
2219,Carlos 2218,DevOps,67532,Paris,Inactive,16,222
2220,Dana 2219,Engineering,69244,Berlin,On Leave,9,222
2221,Alice 2220,Marketing,110560,Tokyo,Active,11,223
2222,Bob 2221,HR,138312,Sydney,Inactive,10,223
2223,Carol 2222,Finance,135728,Mumbai,On Leave,18,223
2224,Dave 2223,Sales,102848,Toronto,Active,16,223
2225,Eve 2224,Legal,53976,New York,Inactive,5,223
2226,Frank 2225,DevOps,140758,London,On Leave,11,223
2227,Grace 2226,Engineering,126409,Paris,Active,16,223
2228,Heidi 2227,Marketing,65102,Berlin,Inactive,5,223
2229,Ivan 2228,HR,131378,Tokyo,On Leave,3,223
2230,Judy 2229,Finance,108503,Sydney,Active,4,223
2231,Karl 2230,Sales,125719,Mumbai,Inactive,2,224
2232,Lisa 2231,Legal,75594,Toronto,On Leave,12,224
2233,Mike 2232,DevOps,61024,New York,Active,20,224
2234,Nina 2233,Engineering,45442,London,Inactive,17,224
2235,Oscar 2234,Marketing,85424,Paris,On Leave,13,224
2236,Pat 2235,HR,121069,Berlin,Active,5,224
2237,Quinn 2236,Finance,61055,Tokyo,Inactive,10,224
2238,Ruth 2237,Sales,77723,Sydney,On Leave,13,224
2239,Sam 2238,Legal,109792,Mumbai,Active,8,224
2240,Tara 2239,DevOps,108737,Toronto,Inactive,19,224
2241,Uma 2240,Engineering,67731,New York,On Leave,14,225
2242,Vic 2241,Marketing,136783,London,Active,6,225
2243,Wanda 2242,HR,135110,Paris,Inactive,9,225
2244,Xavi 2243,Finance,92112,Berlin,On Leave,11,225
2245,Yara 2244,Sales,82116,Tokyo,Active,8,225
2246,Zoe 2245,Legal,45477,Sydney,Inactive,18,225
2247,Aaron 2246,DevOps,134853,Mumbai,On Leave,9,225
2248,Beth 2247,Engineering,98574,Toronto,Active,10,225
2249,Carlos 2248,Marketing,126655,New York,Inactive,20,225
2250,Dana 2249,HR,102556,London,On Leave,15,225
2251,Alice 2250,Finance,67048,Paris,Active,5,226
2252,Bob 2251,Sales,80708,Berlin,Inactive,13,226
2253,Carol 2252,Legal,130564,Tokyo,On Leave,3,226
2254,Dave 2253,DevOps,54060,Sydney,Active,16,226
2255,Eve 2254,Engineering,56631,Mumbai,Inactive,6,226
2256,Frank 2255,Marketing,125283,Toronto,On Leave,16,226
2257,Grace 2256,HR,140243,New York,Active,14,226
2258,Heidi 2257,Finance,53478,London,Inactive,19,226
2259,Ivan 2258,Sales,95697,Paris,On Leave,8,226
2260,Judy 2259,Legal,116332,Berlin,Active,6,226
2261,Karl 2260,DevOps,92864,Tokyo,Inactive,12,227
2262,Lisa 2261,Engineering,102780,Sydney,On Leave,10,227
2263,Mike 2262,Marketing,137514,Mumbai,Active,13,227
2264,Nina 2263,HR,105277,Toronto,Inactive,6,227
2265,Oscar 2264,Finance,58347,New York,On Leave,6,227
2266,Pat 2265,Sales,119732,London,Active,16,227
2267,Quinn 2266,Legal,60036,Paris,Inactive,1,227
2268,Ruth 2267,DevOps,87065,Berlin,On Leave,15,227
2269,Sam 2268,Engineering,119206,Tokyo,Active,19,227
2270,Tara 2269,Marketing,109257,Sydney,Inactive,11,227
2271,Uma 2270,HR,73292,Mumbai,On Leave,19,228
2272,Vic 2271,Finance,103193,Toronto,Active,2,228
2273,Wanda 2272,Sales,109137,New York,Inactive,19,228
2274,Xavi 2273,Legal,143779,London,On Leave,4,228
2275,Yara 2274,DevOps,96408,Paris,Active,16,228
2276,Zoe 2275,Engineering,138249,Berlin,Inactive,20,228
2277,Aaron 2276,Marketing,107914,Tokyo,On Leave,1,228
2278,Beth 2277,HR,96637,Sydney,Active,8,228
2279,Carlos 2278,Finance,104267,Mumbai,Inactive,9,228
2280,Dana 2279,Sales,146026,Toronto,On Leave,20,228
2281,Alice 2280,Legal,113656,New York,Active,4,229
2282,Bob 2281,DevOps,83124,London,Inactive,5,229
2283,Carol 2282,Engineering,67774,Paris,On Leave,8,229
2284,Dave 2283,Marketing,105427,Berlin,Active,3,229
2285,Eve 2284,HR,57754,Tokyo,Inactive,7,229
2286,Frank 2285,Finance,76784,Sydney,On Leave,5,229
2287,Grace 2286,Sales,52818,Mumbai,Active,20,229
2288,Heidi 2287,Legal,112936,Toronto,Inactive,11,229
2289,Ivan 2288,DevOps,131526,New York,On Leave,16,229
2290,Judy 2289,Engineering,60434,London,Active,5,229
2291,Karl 2290,Marketing,136852,Paris,Inactive,16,230
2292,Lisa 2291,HR,127044,Berlin,On Leave,17,230
2293,Mike 2292,Finance,103787,Tokyo,Active,10,230
2294,Nina 2293,Sales,104062,Sydney,Inactive,7,230
2295,Oscar 2294,Legal,93979,Mumbai,On Leave,6,230
2296,Pat 2295,DevOps,82935,Toronto,Active,5,230
2297,Quinn 2296,Engineering,65807,New York,Inactive,8,230
2298,Ruth 2297,Marketing,113463,London,On Leave,14,230
2299,Sam 2298,HR,106446,Paris,Active,10,230
2300,Tara 2299,Finance,117849,Berlin,Inactive,9,230
2301,Uma 2300,Sales,71094,Tokyo,On Leave,9,231
2302,Vic 2301,Legal,130246,Sydney,Active,19,231
2303,Wanda 2302,DevOps,75907,Mumbai,Inactive,6,231
2304,Xavi 2303,Engineering,80925,Toronto,On Leave,8,231
2305,Yara 2304,Marketing,108441,New York,Active,12,231
2306,Zoe 2305,HR,84649,London,Inactive,13,231
2307,Aaron 2306,Finance,105192,Paris,On Leave,4,231
2308,Beth 2307,Sales,58757,Berlin,Active,14,231
2309,Carlos 2308,Legal,118923,Tokyo,Inactive,10,231
2310,Dana 2309,DevOps,96970,Sydney,On Leave,17,231
2311,Alice 2310,Engineering,143503,Mumbai,Active,4,232
2312,Bob 2311,Marketing,112293,Toronto,Inactive,19,232
2313,Carol 2312,HR,146991,New York,On Leave,17,232
2314,Dave 2313,Finance,125128,London,Active,1,232
2315,Eve 2314,Sales,107181,Paris,Inactive,14,232
2316,Frank 2315,Legal,65321,Berlin,On Leave,12,232
2317,Grace 2316,DevOps,108693,Tokyo,Active,13,232
2318,Heidi 2317,Engineering,86469,Sydney,Inactive,4,232
2319,Ivan 2318,Marketing,131849,Mumbai,On Leave,15,232
2320,Judy 2319,HR,85710,Toronto,Active,3,232
2321,Karl 2320,Finance,143866,New York,Inactive,17,233
2322,Lisa 2321,Sales,112027,London,On Leave,2,233
2323,Mike 2322,Legal,52279,Paris,Active,3,233
2324,Nina 2323,DevOps,71516,Berlin,Inactive,8,233
2325,Oscar 2324,Engineering,141319,Tokyo,On Leave,11,233
2326,Pat 2325,Marketing,45910,Sydney,Active,13,233
2327,Quinn 2326,HR,105507,Mumbai,Inactive,14,233
2328,Ruth 2327,Finance,137739,Toronto,On Leave,13,233
2329,Sam 2328,Sales,110837,New York,Active,3,233
2330,Tara 2329,Legal,113308,London,Inactive,13,233
2331,Uma 2330,DevOps,96466,Paris,On Leave,1,234
2332,Vic 2331,Engineering,110688,Berlin,Active,11,234
2333,Wanda 2332,Marketing,147014,Tokyo,Inactive,10,234
2334,Xavi 2333,HR,71029,Sydney,On Leave,18,234
2335,Yara 2334,Finance,53646,Mumbai,Active,5,234
2336,Zoe 2335,Sales,101106,Toronto,Inactive,18,234
2337,Aaron 2336,Legal,97787,New York,On Leave,3,234
2338,Beth 2337,DevOps,70108,London,Active,3,234
2339,Carlos 2338,Engineering,111879,Paris,Inactive,2,234
2340,Dana 2339,Marketing,67718,Berlin,On Leave,7,234
2341,Alice 2340,HR,134752,Tokyo,Active,14,235
2342,Bob 2341,Finance,99980,Sydney,Inactive,9,235
2343,Carol 2342,Sales,119256,Mumbai,On Leave,2,235
2344,Dave 2343,Legal,62076,Toronto,Active,1,235
2345,Eve 2344,DevOps,56537,New York,Inactive,16,235
2346,Frank 2345,Engineering,61068,London,On Leave,14,235
2347,Grace 2346,Marketing,146931,Paris,Active,7,235
2348,Heidi 2347,HR,119401,Berlin,Inactive,16,235
2349,Ivan 2348,Finance,69447,Tokyo,On Leave,8,235
2350,Judy 2349,Sales,117055,Sydney,Active,10,235
2351,Karl 2350,Legal,111678,Mumbai,Inactive,11,236
2352,Lisa 2351,DevOps,73084,Toronto,On Leave,9,236
2353,Mike 2352,Engineering,75045,New York,Active,19,236
2354,Nina 2353,Marketing,73053,London,Inactive,9,236
2355,Oscar 2354,HR,131562,Paris,On Leave,10,236
2356,Pat 2355,Finance,131075,Berlin,Active,19,236
2357,Quinn 2356,Sales,51541,Tokyo,Inactive,8,236
2358,Ruth 2357,Legal,122573,Sydney,On Leave,17,236
2359,Sam 2358,DevOps,137878,Mumbai,Active,9,236
2360,Tara 2359,Engineering,80659,Toronto,Inactive,8,236
2361,Uma 2360,Marketing,112886,New York,On Leave,9,237
2362,Vic 2361,HR,71820,London,Active,9,237
2363,Wanda 2362,Finance,56620,Paris,Inactive,11,237
2364,Xavi 2363,Sales,89490,Berlin,On Leave,5,237
2365,Yara 2364,Legal,117692,Tokyo,Active,10,237
2366,Zoe 2365,DevOps,87581,Sydney,Inactive,18,237
2367,Aaron 2366,Engineering,55444,Mumbai,On Leave,20,237
2368,Beth 2367,Marketing,97667,Toronto,Active,1,237
2369,Carlos 2368,HR,125080,New York,Inactive,9,237
2370,Dana 2369,Finance,78912,London,On Leave,6,237
2371,Alice 2370,Sales,45960,Paris,Active,17,238
2372,Bob 2371,Legal,62618,Berlin,Inactive,19,238
2373,Carol 2372,DevOps,97741,Tokyo,On Leave,20,238
2374,Dave 2373,Engineering,127530,Sydney,Active,14,238
2375,Eve 2374,Marketing,135737,Mumbai,Inactive,6,238
2376,Frank 2375,HR,113410,Toronto,On Leave,4,238
2377,Grace 2376,Finance,120630,New York,Active,7,238
2378,Heidi 2377,Sales,135470,London,Inactive,18,238
2379,Ivan 2378,Legal,120682,Paris,On Leave,18,238
2380,Judy 2379,DevOps,107018,Berlin,Active,5,238
2381,Karl 2380,Engineering,147677,Tokyo,Inactive,11,239
2382,Lisa 2381,Marketing,119758,Sydney,On Leave,3,239
2383,Mike 2382,HR,121007,Mumbai,Active,11,239
2384,Nina 2383,Finance,75222,Toronto,Inactive,7,239
2385,Oscar 2384,Sales,121617,New York,On Leave,15,239
2386,Pat 2385,Legal,133794,London,Active,13,239
2387,Quinn 2386,DevOps,128722,Paris,Inactive,14,239
2388,Ruth 2387,Engineering,49749,Berlin,On Leave,10,239
2389,Sam 2388,Marketing,140173,Tokyo,Active,17,239
2390,Tara 2389,HR,60533,Sydney,Inactive,5,239
2391,Uma 2390,Finance,105504,Mumbai,On Leave,8,240
2392,Vic 2391,Sales,67772,Toronto,Active,10,240
2393,Wanda 2392,Legal,46317,New York,Inactive,15,240
2394,Xavi 2393,DevOps,53555,London,On Leave,19,240
2395,Yara 2394,Engineering,97902,Paris,Active,14,240
2396,Zoe 2395,Marketing,87096,Berlin,Inactive,9,240
2397,Aaron 2396,HR,106701,Tokyo,On Leave,5,240
2398,Beth 2397,Finance,80495,Sydney,Active,13,240
2399,Carlos 2398,Sales,121477,Mumbai,Inactive,4,240
2400,Dana 2399,Legal,101981,Toronto,On Leave,17,240
2401,Alice 2400,DevOps,134735,New York,Active,8,241
2402,Bob 2401,Engineering,82337,London,Inactive,8,241
2403,Carol 2402,Marketing,146884,Paris,On Leave,1,241
2404,Dave 2403,HR,77754,Berlin,Active,5,241
2405,Eve 2404,Finance,102987,Tokyo,Inactive,16,241
2406,Frank 2405,Sales,52405,Sydney,On Leave,4,241
2407,Grace 2406,Legal,140134,Mumbai,Active,2,241
2408,Heidi 2407,DevOps,111022,Toronto,Inactive,16,241
2409,Ivan 2408,Engineering,136405,New York,On Leave,6,241
2410,Judy 2409,Marketing,81566,London,Active,16,241
2411,Karl 2410,HR,129778,Paris,Inactive,14,242
2412,Lisa 2411,Finance,69413,Berlin,On Leave,10,242
2413,Mike 2412,Sales,131711,Tokyo,Active,12,242
2414,Nina 2413,Legal,72993,Sydney,Inactive,12,242
2415,Oscar 2414,DevOps,137155,Mumbai,On Leave,6,242
2416,Pat 2415,Engineering,110715,Toronto,Active,3,242
2417,Quinn 2416,Marketing,127979,New York,Inactive,16,242
2418,Ruth 2417,HR,123119,London,On Leave,6,242
2419,Sam 2418,Finance,55562,Paris,Active,18,242
2420,Tara 2419,Sales,69105,Berlin,Inactive,13,242
2421,Uma 2420,Legal,48168,Tokyo,On Leave,8,243
2422,Vic 2421,DevOps,99517,Sydney,Active,2,243
2423,Wanda 2422,Engineering,128001,Mumbai,Inactive,14,243
2424,Xavi 2423,Marketing,138909,Toronto,On Leave,9,243
2425,Yara 2424,HR,119507,New York,Active,12,243
2426,Zoe 2425,Finance,146106,London,Inactive,5,243
2427,Aaron 2426,Sales,143994,Paris,On Leave,19,243
2428,Beth 2427,Legal,127331,Berlin,Active,16,243
2429,Carlos 2428,DevOps,52846,Tokyo,Inactive,11,243
2430,Dana 2429,Engineering,102508,Sydney,On Leave,19,243
2431,Alice 2430,Marketing,82095,Mumbai,Active,9,244
2432,Bob 2431,HR,132771,Toronto,Inactive,16,244
2433,Carol 2432,Finance,63194,New York,On Leave,12,244
2434,Dave 2433,Sales,75341,London,Active,20,244
2435,Eve 2434,Legal,129589,Paris,Inactive,6,244
2436,Frank 2435,DevOps,70832,Berlin,On Leave,14,244
2437,Grace 2436,Engineering,81042,Tokyo,Active,19,244
2438,Heidi 2437,Marketing,108464,Sydney,Inactive,18,244
2439,Ivan 2438,HR,117299,Mumbai,On Leave,18,244
2440,Judy 2439,Finance,101848,Toronto,Active,1,244
2441,Karl 2440,Sales,135194,New York,Inactive,10,245
2442,Lisa 2441,Legal,106855,London,On Leave,8,245
2443,Mike 2442,DevOps,127039,Paris,Active,13,245
2444,Nina 2443,Engineering,96734,Berlin,Inactive,4,245
2445,Oscar 2444,Marketing,45058,Tokyo,On Leave,9,245
2446,Pat 2445,HR,67178,Sydney,Active,20,245
2447,Quinn 2446,Finance,69195,Mumbai,Inactive,2,245
2448,Ruth 2447,Sales,80968,Toronto,On Leave,7,245
2449,Sam 2448,Legal,95693,New York,Active,5,245
2450,Tara 2449,DevOps,122598,London,Inactive,10,245
2451,Uma 2450,Engineering,75969,Paris,On Leave,3,246
2452,Vic 2451,Marketing,133220,Berlin,Active,1,246
2453,Wanda 2452,HR,100943,Tokyo,Inactive,5,246
2454,Xavi 2453,Finance,62051,Sydney,On Leave,5,246
2455,Yara 2454,Sales,102841,Mumbai,Active,8,246
2456,Zoe 2455,Legal,110736,Toronto,Inactive,11,246
2457,Aaron 2456,DevOps,95726,New York,On Leave,2,246
2458,Beth 2457,Engineering,71918,London,Active,8,246
2459,Carlos 2458,Marketing,49918,Paris,Inactive,12,246
2460,Dana 2459,HR,143214,Berlin,On Leave,12,246
2461,Alice 2460,Finance,148917,Tokyo,Active,18,247
2462,Bob 2461,Sales,89078,Sydney,Inactive,18,247
2463,Carol 2462,Legal,52201,Mumbai,On Leave,3,247
2464,Dave 2463,DevOps,97895,Toronto,Active,8,247
2465,Eve 2464,Engineering,69301,New York,Inactive,10,247
2466,Frank 2465,Marketing,139303,London,On Leave,3,247
2467,Grace 2466,HR,62133,Paris,Active,11,247
2468,Heidi 2467,Finance,59110,Berlin,Inactive,14,247
2469,Ivan 2468,Sales,82085,Tokyo,On Leave,11,247
2470,Judy 2469,Legal,133226,Sydney,Active,9,247
2471,Karl 2470,DevOps,125201,Mumbai,Inactive,18,248
2472,Lisa 2471,Engineering,53887,Toronto,On Leave,14,248
2473,Mike 2472,Marketing,116787,New York,Active,20,248
2474,Nina 2473,HR,61104,London,Inactive,8,248
2475,Oscar 2474,Finance,49080,Paris,On Leave,4,248
2476,Pat 2475,Sales,95373,Berlin,Active,4,248
2477,Quinn 2476,Legal,101308,Tokyo,Inactive,2,248
2478,Ruth 2477,DevOps,115936,Sydney,On Leave,10,248
2479,Sam 2478,Engineering,96557,Mumbai,Active,15,248
2480,Tara 2479,Marketing,118691,Toronto,Inactive,17,248
2481,Uma 2480,HR,143367,New York,On Leave,5,249
2482,Vic 2481,Finance,45043,London,Active,8,249
2483,Wanda 2482,Sales,79400,Paris,Inactive,13,249
2484,Xavi 2483,Legal,75766,Berlin,On Leave,18,249
2485,Yara 2484,DevOps,111293,Tokyo,Active,3,249
2486,Zoe 2485,Engineering,121622,Sydney,Inactive,20,249
2487,Aaron 2486,Marketing,131824,Mumbai,On Leave,13,249
2488,Beth 2487,HR,98085,Toronto,Active,1,249
2489,Carlos 2488,Finance,142811,New York,Inactive,11,249
2490,Dana 2489,Sales,142183,London,On Leave,6,249
2491,Alice 2490,Legal,58579,Paris,Active,15,250
2492,Bob 2491,DevOps,115891,Berlin,Inactive,20,250
2493,Carol 2492,Engineering,106429,Tokyo,On Leave,2,250
2494,Dave 2493,Marketing,92802,Sydney,Active,2,250
2495,Eve 2494,HR,108125,Mumbai,Inactive,20,250
2496,Frank 2495,Finance,108185,Toronto,On Leave,1,250
2497,Grace 2496,Sales,61721,New York,Active,2,250
2498,Heidi 2497,Legal,110998,London,Inactive,15,250
2499,Ivan 2498,DevOps,93382,Paris,On Leave,12,250
2500,Judy 2499,Engineering,65847,Berlin,Active,3,250
2501,Karl 2500,Marketing,93614,Tokyo,Inactive,19,251
2502,Lisa 2501,HR,130786,Sydney,On Leave,2,251
2503,Mike 2502,Finance,72267,Mumbai,Active,7,251
2504,Nina 2503,Sales,68172,Toronto,Inactive,10,251
2505,Oscar 2504,Legal,149603,New York,On Leave,6,251
2506,Pat 2505,DevOps,135873,London,Active,5,251
2507,Quinn 2506,Engineering,135578,Paris,Inactive,18,251
2508,Ruth 2507,Marketing,95909,Berlin,On Leave,7,251
2509,Sam 2508,HR,88549,Tokyo,Active,16,251
2510,Tara 2509,Finance,71509,Sydney,Inactive,6,251
2511,Uma 2510,Sales,109344,Mumbai,On Leave,16,252
2512,Vic 2511,Legal,106950,Toronto,Active,17,252
2513,Wanda 2512,DevOps,98995,New York,Inactive,17,252
2514,Xavi 2513,Engineering,127149,London,On Leave,11,252
2515,Yara 2514,Marketing,54419,Paris,Active,18,252
2516,Zoe 2515,HR,96067,Berlin,Inactive,16,252
2517,Aaron 2516,Finance,62352,Tokyo,On Leave,15,252
2518,Beth 2517,Sales,143224,Sydney,Active,15,252
2519,Carlos 2518,Legal,97195,Mumbai,Inactive,2,252
2520,Dana 2519,DevOps,149240,Toronto,On Leave,8,252
2521,Alice 2520,Engineering,48763,New York,Active,17,253
2522,Bob 2521,Marketing,90827,London,Inactive,13,253
2523,Carol 2522,HR,71944,Paris,On Leave,11,253
2524,Dave 2523,Finance,140942,Berlin,Active,11,253
2525,Eve 2524,Sales,129186,Tokyo,Inactive,2,253
2526,Frank 2525,Legal,47844,Sydney,On Leave,9,253
2527,Grace 2526,DevOps,51344,Mumbai,Active,5,253
2528,Heidi 2527,Engineering,130537,Toronto,Inactive,6,253
2529,Ivan 2528,Marketing,88073,New York,On Leave,9,253
2530,Judy 2529,HR,67407,London,Active,11,253
2531,Karl 2530,Finance,91955,Paris,Inactive,5,254
2532,Lisa 2531,Sales,83426,Berlin,On Leave,18,254
2533,Mike 2532,Legal,105927,Tokyo,Active,10,254
2534,Nina 2533,DevOps,111352,Sydney,Inactive,15,254
2535,Oscar 2534,Engineering,134309,Mumbai,On Leave,2,254
2536,Pat 2535,Marketing,58358,Toronto,Active,11,254
2537,Quinn 2536,HR,100889,New York,Inactive,20,254
2538,Ruth 2537,Finance,87917,London,On Leave,19,254
2539,Sam 2538,Sales,85415,Paris,Active,13,254
2540,Tara 2539,Legal,51223,Berlin,Inactive,18,254
2541,Uma 2540,DevOps,123861,Tokyo,On Leave,3,255
2542,Vic 2541,Engineering,149773,Sydney,Active,12,255
2543,Wanda 2542,Marketing,130408,Mumbai,Inactive,3,255
2544,Xavi 2543,HR,101532,Toronto,On Leave,2,255
2545,Yara 2544,Finance,118384,New York,Active,7,255
2546,Zoe 2545,Sales,115763,London,Inactive,20,255
2547,Aaron 2546,Legal,63330,Paris,On Leave,2,255
2548,Beth 2547,DevOps,132080,Berlin,Active,6,255
2549,Carlos 2548,Engineering,137500,Tokyo,Inactive,5,255
2550,Dana 2549,Marketing,64388,Sydney,On Leave,10,255
2551,Alice 2550,HR,55098,Mumbai,Active,10,256
2552,Bob 2551,Finance,97584,Toronto,Inactive,16,256
2553,Carol 2552,Sales,111310,New York,On Leave,8,256
2554,Dave 2553,Legal,48741,London,Active,2,256
2555,Eve 2554,DevOps,136883,Paris,Inactive,1,256
2556,Frank 2555,Engineering,114531,Berlin,On Leave,6,256
2557,Grace 2556,Marketing,72778,Tokyo,Active,1,256
2558,Heidi 2557,HR,103085,Sydney,Inactive,7,256
2559,Ivan 2558,Finance,89778,Mumbai,On Leave,3,256
2560,Judy 2559,Sales,81501,Toronto,Active,5,256
2561,Karl 2560,Legal,74878,New York,Inactive,3,257
2562,Lisa 2561,DevOps,110832,London,On Leave,10,257
2563,Mike 2562,Engineering,89051,Paris,Active,10,257
2564,Nina 2563,Marketing,68965,Berlin,Inactive,5,257
2565,Oscar 2564,HR,121955,Tokyo,On Leave,1,257
2566,Pat 2565,Finance,146601,Sydney,Active,12,257
2567,Quinn 2566,Sales,147066,Mumbai,Inactive,15,257
2568,Ruth 2567,Legal,96576,Toronto,On Leave,15,257
2569,Sam 2568,DevOps,140794,New York,Active,4,257
2570,Tara 2569,Engineering,108635,London,Inactive,3,257
2571,Uma 2570,Marketing,61507,Paris,On Leave,13,258
2572,Vic 2571,HR,143310,Berlin,Active,7,258
2573,Wanda 2572,Finance,47245,Tokyo,Inactive,5,258
2574,Xavi 2573,Sales,122483,Sydney,On Leave,16,258
2575,Yara 2574,Legal,135298,Mumbai,Active,1,258
2576,Zoe 2575,DevOps,83552,Toronto,Inactive,13,258
2577,Aaron 2576,Engineering,71613,New York,On Leave,10,258
2578,Beth 2577,Marketing,128463,London,Active,10,258
2579,Carlos 2578,HR,97184,Paris,Inactive,2,258
2580,Dana 2579,Finance,53254,Berlin,On Leave,5,258
2581,Alice 2580,Sales,139956,Tokyo,Active,11,259
2582,Bob 2581,Legal,108882,Sydney,Inactive,17,259
2583,Carol 2582,DevOps,144617,Mumbai,On Leave,2,259
2584,Dave 2583,Engineering,75913,Toronto,Active,18,259
2585,Eve 2584,Marketing,136358,New York,Inactive,19,259
2586,Frank 2585,HR,110197,London,On Leave,1,259
2587,Grace 2586,Finance,53012,Paris,Active,6,259
2588,Heidi 2587,Sales,70592,Berlin,Inactive,1,259
2589,Ivan 2588,Legal,127227,Tokyo,On Leave,11,259
2590,Judy 2589,DevOps,124775,Sydney,Active,7,259
2591,Karl 2590,Engineering,83608,Mumbai,Inactive,16,260
2592,Lisa 2591,Marketing,74735,Toronto,On Leave,4,260
2593,Mike 2592,HR,51313,New York,Active,18,260
2594,Nina 2593,Finance,55921,London,Inactive,13,260
2595,Oscar 2594,Sales,126986,Paris,On Leave,8,260
2596,Pat 2595,Legal,148348,Berlin,Active,9,260
2597,Quinn 2596,DevOps,92103,Tokyo,Inactive,6,260
2598,Ruth 2597,Engineering,89943,Sydney,On Leave,15,260
2599,Sam 2598,Marketing,141059,Mumbai,Active,11,260
2600,Tara 2599,HR,95872,Toronto,Inactive,12,260
2601,Uma 2600,Finance,60882,New York,On Leave,18,261
2602,Vic 2601,Sales,112784,London,Active,15,261
2603,Wanda 2602,Legal,101354,Paris,Inactive,11,261
2604,Xavi 2603,DevOps,61381,Berlin,On Leave,17,261
2605,Yara 2604,Engineering,131130,Tokyo,Active,12,261
2606,Zoe 2605,Marketing,106786,Sydney,Inactive,11,261
2607,Aaron 2606,HR,126786,Mumbai,On Leave,18,261
2608,Beth 2607,Finance,133255,Toronto,Active,13,261
2609,Carlos 2608,Sales,132625,New York,Inactive,5,261
2610,Dana 2609,Legal,58232,London,On Leave,17,261
2611,Alice 2610,DevOps,67146,Paris,Active,1,262
2612,Bob 2611,Engineering,139857,Berlin,Inactive,16,262
2613,Carol 2612,Marketing,127374,Tokyo,On Leave,10,262
2614,Dave 2613,HR,53928,Sydney,Active,12,262
2615,Eve 2614,Finance,69567,Mumbai,Inactive,4,262
2616,Frank 2615,Sales,82618,Toronto,On Leave,19,262
2617,Grace 2616,Legal,61791,New York,Active,1,262
2618,Heidi 2617,DevOps,135342,London,Inactive,9,262
2619,Ivan 2618,Engineering,108573,Paris,On Leave,18,262
2620,Judy 2619,Marketing,45910,Berlin,Active,9,262
2621,Karl 2620,HR,62062,Tokyo,Inactive,10,263
2622,Lisa 2621,Finance,71457,Sydney,On Leave,18,263
2623,Mike 2622,Sales,104916,Mumbai,Active,8,263
2624,Nina 2623,Legal,96259,Toronto,Inactive,10,263
2625,Oscar 2624,DevOps,123438,New York,On Leave,9,263
2626,Pat 2625,Engineering,89478,London,Active,12,263
2627,Quinn 2626,Marketing,140421,Paris,Inactive,5,263
2628,Ruth 2627,HR,50702,Berlin,On Leave,5,263
2629,Sam 2628,Finance,109649,Tokyo,Active,5,263
2630,Tara 2629,Sales,148446,Sydney,Inactive,5,263
2631,Uma 2630,Legal,69539,Mumbai,On Leave,17,264
2632,Vic 2631,DevOps,103040,Toronto,Active,3,264
2633,Wanda 2632,Engineering,89753,New York,Inactive,14,264
2634,Xavi 2633,Marketing,105800,London,On Leave,7,264
2635,Yara 2634,HR,53281,Paris,Active,3,264
2636,Zoe 2635,Finance,78406,Berlin,Inactive,1,264
2637,Aaron 2636,Sales,93735,Tokyo,On Leave,3,264
2638,Beth 2637,Legal,63414,Sydney,Active,19,264
2639,Carlos 2638,DevOps,59117,Mumbai,Inactive,9,264
2640,Dana 2639,Engineering,104464,Toronto,On Leave,13,264
2641,Alice 2640,Marketing,69586,New York,Active,15,265
2642,Bob 2641,HR,54233,London,Inactive,12,265
2643,Carol 2642,Finance,66304,Paris,On Leave,5,265
2644,Dave 2643,Sales,104458,Berlin,Active,10,265
2645,Eve 2644,Legal,127639,Tokyo,Inactive,20,265
2646,Frank 2645,DevOps,79364,Sydney,On Leave,3,265
2647,Grace 2646,Engineering,74387,Mumbai,Active,4,265
2648,Heidi 2647,Marketing,89714,Toronto,Inactive,13,265
2649,Ivan 2648,HR,93261,New York,On Leave,14,265
2650,Judy 2649,Finance,89053,London,Active,20,265
2651,Karl 2650,Sales,86069,Paris,Inactive,19,266
2652,Lisa 2651,Legal,87358,Berlin,On Leave,1,266
2653,Mike 2652,DevOps,51442,Tokyo,Active,20,266
2654,Nina 2653,Engineering,82313,Sydney,Inactive,9,266
2655,Oscar 2654,Marketing,61347,Mumbai,On Leave,9,266
2656,Pat 2655,HR,116567,Toronto,Active,2,266
2657,Quinn 2656,Finance,74950,New York,Inactive,16,266
2658,Ruth 2657,Sales,52722,London,On Leave,7,266
2659,Sam 2658,Legal,86705,Paris,Active,8,266
2660,Tara 2659,DevOps,126058,Berlin,Inactive,17,266
2661,Uma 2660,Engineering,83781,Tokyo,On Leave,16,267
2662,Vic 2661,Marketing,109213,Sydney,Active,16,267
2663,Wanda 2662,HR,45016,Mumbai,Inactive,10,267
2664,Xavi 2663,Finance,120862,Toronto,On Leave,19,267
2665,Yara 2664,Sales,105548,New York,Active,6,267
2666,Zoe 2665,Legal,84356,London,Inactive,14,267
2667,Aaron 2666,DevOps,138649,Paris,On Leave,14,267
2668,Beth 2667,Engineering,101920,Berlin,Active,4,267
2669,Carlos 2668,Marketing,77598,Tokyo,Inactive,14,267
2670,Dana 2669,HR,121126,Sydney,On Leave,17,267
2671,Alice 2670,Finance,56751,Mumbai,Active,18,268
2672,Bob 2671,Sales,74109,Toronto,Inactive,20,268
2673,Carol 2672,Legal,116004,New York,On Leave,6,268
2674,Dave 2673,DevOps,132063,London,Active,1,268
2675,Eve 2674,Engineering,137043,Paris,Inactive,10,268
2676,Frank 2675,Marketing,144386,Berlin,On Leave,4,268
2677,Grace 2676,HR,64175,Tokyo,Active,11,268
2678,Heidi 2677,Finance,59393,Sydney,Inactive,13,268
2679,Ivan 2678,Sales,102042,Mumbai,On Leave,13,268
2680,Judy 2679,Legal,147624,Toronto,Active,1,268
2681,Karl 2680,DevOps,57823,New York,Inactive,18,269
2682,Lisa 2681,Engineering,82156,London,On Leave,6,269
2683,Mike 2682,Marketing,95236,Paris,Active,15,269
2684,Nina 2683,HR,110834,Berlin,Inactive,4,269
2685,Oscar 2684,Finance,84699,Tokyo,On Leave,8,269
2686,Pat 2685,Sales,64719,Sydney,Active,1,269
2687,Quinn 2686,Legal,141043,Mumbai,Inactive,6,269
2688,Ruth 2687,DevOps,119714,Toronto,On Leave,7,269
2689,Sam 2688,Engineering,100235,New York,Active,15,269
2690,Tara 2689,Marketing,50774,London,Inactive,12,269
2691,Uma 2690,HR,122190,Paris,On Leave,5,270
2692,Vic 2691,Finance,123324,Berlin,Active,11,270
2693,Wanda 2692,Sales,129547,Tokyo,Inactive,2,270
2694,Xavi 2693,Legal,69780,Sydney,On Leave,12,270
2695,Yara 2694,DevOps,117733,Mumbai,Active,14,270
2696,Zoe 2695,Engineering,80820,Toronto,Inactive,2,270
2697,Aaron 2696,Marketing,90750,New York,On Leave,19,270
2698,Beth 2697,HR,68507,London,Active,11,270
2699,Carlos 2698,Finance,147743,Paris,Inactive,20,270
2700,Dana 2699,Sales,141192,Berlin,On Leave,6,270
2701,Alice 2700,Legal,96821,Tokyo,Active,4,271
2702,Bob 2701,DevOps,132261,Sydney,Inactive,18,271
2703,Carol 2702,Engineering,46133,Mumbai,On Leave,6,271
2704,Dave 2703,Marketing,143454,Toronto,Active,7,271
2705,Eve 2704,HR,66038,New York,Inactive,13,271
2706,Frank 2705,Finance,110598,London,On Leave,20,271
2707,Grace 2706,Sales,132210,Paris,Active,17,271
2708,Heidi 2707,Legal,140564,Berlin,Inactive,14,271
2709,Ivan 2708,DevOps,75816,Tokyo,On Leave,12,271
2710,Judy 2709,Engineering,105753,Sydney,Active,18,271
2711,Karl 2710,Marketing,80810,Mumbai,Inactive,4,272
2712,Lisa 2711,HR,126651,Toronto,On Leave,19,272
2713,Mike 2712,Finance,114646,New York,Active,3,272
2714,Nina 2713,Sales,118622,London,Inactive,2,272
2715,Oscar 2714,Legal,102313,Paris,On Leave,2,272
2716,Pat 2715,DevOps,52906,Berlin,Active,3,272
2717,Quinn 2716,Engineering,64026,Tokyo,Inactive,20,272
2718,Ruth 2717,Marketing,113811,Sydney,On Leave,16,272
2719,Sam 2718,HR,99653,Mumbai,Active,18,272
2720,Tara 2719,Finance,70193,Toronto,Inactive,2,272
2721,Uma 2720,Sales,54277,New York,On Leave,5,273
2722,Vic 2721,Legal,106683,London,Active,13,273
2723,Wanda 2722,DevOps,55852,Paris,Inactive,6,273
2724,Xavi 2723,Engineering,103324,Berlin,On Leave,9,273
2725,Yara 2724,Marketing,123044,Tokyo,Active,9,273
2726,Zoe 2725,HR,137468,Sydney,Inactive,2,273
2727,Aaron 2726,Finance,84637,Mumbai,On Leave,1,273
2728,Beth 2727,Sales,134223,Toronto,Active,16,273
2729,Carlos 2728,Legal,59694,New York,Inactive,18,273
2730,Dana 2729,DevOps,123073,London,On Leave,16,273
2731,Alice 2730,Engineering,108582,Paris,Active,13,274
2732,Bob 2731,Marketing,134093,Berlin,Inactive,16,274
2733,Carol 2732,HR,108843,Tokyo,On Leave,15,274
2734,Dave 2733,Finance,128962,Sydney,Active,16,274
2735,Eve 2734,Sales,146405,Mumbai,Inactive,4,274
2736,Frank 2735,Legal,105497,Toronto,On Leave,15,274
2737,Grace 2736,DevOps,52447,New York,Active,19,274
2738,Heidi 2737,Engineering,109682,London,Inactive,17,274
2739,Ivan 2738,Marketing,83132,Paris,On Leave,8,274
2740,Judy 2739,HR,134866,Berlin,Active,9,274
2741,Karl 2740,Finance,138126,Tokyo,Inactive,4,275
2742,Lisa 2741,Sales,135167,Sydney,On Leave,6,275
2743,Mike 2742,Legal,80972,Mumbai,Active,17,275
2744,Nina 2743,DevOps,122308,Toronto,Inactive,19,275
2745,Oscar 2744,Engineering,48962,New York,On Leave,18,275
2746,Pat 2745,Marketing,143063,London,Active,7,275
2747,Quinn 2746,HR,97078,Paris,Inactive,4,275
2748,Ruth 2747,Finance,99966,Berlin,On Leave,7,275
2749,Sam 2748,Sales,141510,Tokyo,Active,15,275
2750,Tara 2749,Legal,133015,Sydney,Inactive,16,275
2751,Uma 2750,DevOps,66379,Mumbai,On Leave,2,276
2752,Vic 2751,Engineering,52809,Toronto,Active,2,276
2753,Wanda 2752,Marketing,70753,New York,Inactive,18,276
2754,Xavi 2753,HR,149700,London,On Leave,11,276
2755,Yara 2754,Finance,80257,Paris,Active,1,276
2756,Zoe 2755,Sales,105301,Berlin,Inactive,14,276
2757,Aaron 2756,Legal,66894,Tokyo,On Leave,9,276
2758,Beth 2757,DevOps,108457,Sydney,Active,6,276
2759,Carlos 2758,Engineering,122786,Mumbai,Inactive,19,276
2760,Dana 2759,Marketing,84151,Toronto,On Leave,6,276
2761,Alice 2760,HR,51823,New York,Active,17,277
2762,Bob 2761,Finance,85438,London,Inactive,9,277
2763,Carol 2762,Sales,149259,Paris,On Leave,3,277
2764,Dave 2763,Legal,63882,Berlin,Active,16,277
2765,Eve 2764,DevOps,48897,Tokyo,Inactive,2,277
2766,Frank 2765,Engineering,101337,Sydney,On Leave,14,277
2767,Grace 2766,Marketing,120605,Mumbai,Active,4,277
2768,Heidi 2767,HR,97587,Toronto,Inactive,1,277
2769,Ivan 2768,Finance,73825,New York,On Leave,1,277
2770,Judy 2769,Sales,54679,London,Active,15,277
2771,Karl 2770,Legal,70024,Paris,Inactive,9,278
2772,Lisa 2771,DevOps,66558,Berlin,On Leave,20,278
2773,Mike 2772,Engineering,63909,Tokyo,Active,9,278
2774,Nina 2773,Marketing,46524,Sydney,Inactive,8,278
2775,Oscar 2774,HR,127638,Mumbai,On Leave,16,278
2776,Pat 2775,Finance,114786,Toronto,Active,4,278
2777,Quinn 2776,Sales,62794,New York,Inactive,15,278
2778,Ruth 2777,Legal,122042,London,On Leave,1,278
2779,Sam 2778,DevOps,105719,Paris,Active,16,278
2780,Tara 2779,Engineering,63348,Berlin,Inactive,20,278
2781,Uma 2780,Marketing,107065,Tokyo,On Leave,3,279
2782,Vic 2781,HR,141160,Sydney,Active,7,279
2783,Wanda 2782,Finance,69289,Mumbai,Inactive,2,279
2784,Xavi 2783,Sales,139768,Toronto,On Leave,2,279
2785,Yara 2784,Legal,110796,New York,Active,18,279
2786,Zoe 2785,DevOps,66837,London,Inactive,11,279
2787,Aaron 2786,Engineering,50094,Paris,On Leave,5,279
2788,Beth 2787,Marketing,103698,Berlin,Active,3,279
2789,Carlos 2788,HR,142422,Tokyo,Inactive,18,279
2790,Dana 2789,Finance,80475,Sydney,On Leave,13,279
2791,Alice 2790,Sales,101964,Mumbai,Active,15,280
2792,Bob 2791,Legal,147439,Toronto,Inactive,6,280
2793,Carol 2792,DevOps,139500,New York,On Leave,18,280
2794,Dave 2793,Engineering,136032,London,Active,11,280
2795,Eve 2794,Marketing,122573,Paris,Inactive,18,280
2796,Frank 2795,HR,52731,Berlin,On Leave,7,280
2797,Grace 2796,Finance,51137,Tokyo,Active,11,280
2798,Heidi 2797,Sales,137081,Sydney,Inactive,6,280
2799,Ivan 2798,Legal,113270,Mumbai,On Leave,3,280
2800,Judy 2799,DevOps,54248,Toronto,Active,4,280
2801,Karl 2800,Engineering,85897,New York,Inactive,16,281
2802,Lisa 2801,Marketing,89558,London,On Leave,16,281
2803,Mike 2802,HR,136998,Paris,Active,9,281
2804,Nina 2803,Finance,101563,Berlin,Inactive,14,281
2805,Oscar 2804,Sales,69774,Tokyo,On Leave,5,281
2806,Pat 2805,Legal,83741,Sydney,Active,8,281
2807,Quinn 2806,DevOps,137798,Mumbai,Inactive,15,281
2808,Ruth 2807,Engineering,59237,Toronto,On Leave,12,281
2809,Sam 2808,Marketing,59595,New York,Active,12,281
2810,Tara 2809,HR,65387,London,Inactive,12,281
2811,Uma 2810,Finance,60982,Paris,On Leave,11,282
2812,Vic 2811,Sales,72970,Berlin,Active,14,282
2813,Wanda 2812,Legal,92905,Tokyo,Inactive,13,282
2814,Xavi 2813,DevOps,92483,Sydney,On Leave,4,282
2815,Yara 2814,Engineering,97539,Mumbai,Active,19,282
2816,Zoe 2815,Marketing,139898,Toronto,Inactive,9,282
2817,Aaron 2816,HR,78687,New York,On Leave,4,282
2818,Beth 2817,Finance,76732,London,Active,9,282
2819,Carlos 2818,Sales,83439,Paris,Inactive,20,282
2820,Dana 2819,Legal,73525,Berlin,On Leave,3,282
2821,Alice 2820,DevOps,64191,Tokyo,Active,1,283
2822,Bob 2821,Engineering,105732,Sydney,Inactive,14,283
2823,Carol 2822,Marketing,114481,Mumbai,On Leave,8,283
2824,Dave 2823,HR,114841,Toronto,Active,12,283
2825,Eve 2824,Finance,86144,New York,Inactive,19,283
2826,Frank 2825,Sales,54601,London,On Leave,7,283
2827,Grace 2826,Legal,94241,Paris,Active,18,283
2828,Heidi 2827,DevOps,110590,Berlin,Inactive,16,283
2829,Ivan 2828,Engineering,149252,Tokyo,On Leave,12,283
2830,Judy 2829,Marketing,74101,Sydney,Active,4,283
2831,Karl 2830,HR,48680,Mumbai,Inactive,18,284
2832,Lisa 2831,Finance,102318,Toronto,On Leave,14,284
2833,Mike 2832,Sales,83225,New York,Active,5,284
2834,Nina 2833,Legal,76781,London,Inactive,2,284
2835,Oscar 2834,DevOps,123089,Paris,On Leave,8,284
2836,Pat 2835,Engineering,148270,Berlin,Active,19,284
2837,Quinn 2836,Marketing,97887,Tokyo,Inactive,4,284
2838,Ruth 2837,HR,74597,Sydney,On Leave,1,284
2839,Sam 2838,Finance,48709,Mumbai,Active,18,284
2840,Tara 2839,Sales,47150,Toronto,Inactive,13,284
2841,Uma 2840,Legal,113688,New York,On Leave,15,285
2842,Vic 2841,DevOps,95698,London,Active,5,285
2843,Wanda 2842,Engineering,67898,Paris,Inactive,18,285
2844,Xavi 2843,Marketing,77082,Berlin,On Leave,10,285
2845,Yara 2844,HR,86980,Tokyo,Active,19,285
2846,Zoe 2845,Finance,120169,Sydney,Inactive,9,285
2847,Aaron 2846,Sales,66121,Mumbai,On Leave,19,285
2848,Beth 2847,Legal,118104,Toronto,Active,10,285
2849,Carlos 2848,DevOps,145225,New York,Inactive,6,285
2850,Dana 2849,Engineering,76428,London,On Leave,8,285
2851,Alice 2850,Marketing,47927,Paris,Active,20,286
2852,Bob 2851,HR,95507,Berlin,Inactive,10,286
2853,Carol 2852,Finance,147135,Tokyo,On Leave,6,286
2854,Dave 2853,Sales,77543,Sydney,Active,11,286
2855,Eve 2854,Legal,144325,Mumbai,Inactive,10,286
2856,Frank 2855,DevOps,92628,Toronto,On Leave,17,286
2857,Grace 2856,Engineering,120717,New York,Active,2,286
2858,Heidi 2857,Marketing,126042,London,Inactive,18,286
2859,Ivan 2858,HR,73062,Paris,On Leave,13,286
2860,Judy 2859,Finance,98557,Berlin,Active,20,286
2861,Karl 2860,Sales,80138,Tokyo,Inactive,16,287
2862,Lisa 2861,Legal,131583,Sydney,On Leave,1,287
2863,Mike 2862,DevOps,48304,Mumbai,Active,1,287
2864,Nina 2863,Engineering,131193,Toronto,Inactive,4,287
2865,Oscar 2864,Marketing,81262,New York,On Leave,13,287
2866,Pat 2865,HR,45816,London,Active,16,287
2867,Quinn 2866,Finance,145246,Paris,Inactive,10,287
2868,Ruth 2867,Sales,62019,Berlin,On Leave,4,287
2869,Sam 2868,Legal,103345,Tokyo,Active,13,287
2870,Tara 2869,DevOps,91743,Sydney,Inactive,8,287
2871,Uma 2870,Engineering,66381,Mumbai,On Leave,17,288
2872,Vic 2871,Marketing,55253,Toronto,Active,19,288
2873,Wanda 2872,HR,74245,New York,Inactive,9,288
2874,Xavi 2873,Finance,63940,London,On Leave,7,288
2875,Yara 2874,Sales,105891,Paris,Active,10,288
2876,Zoe 2875,Legal,83777,Berlin,Inactive,2,288
2877,Aaron 2876,DevOps,116356,Tokyo,On Leave,18,288
2878,Beth 2877,Engineering,129598,Sydney,Active,8,288
2879,Carlos 2878,Marketing,83286,Mumbai,Inactive,1,288
2880,Dana 2879,HR,64640,Toronto,On Leave,5,288
2881,Alice 2880,Finance,66602,New York,Active,10,289
2882,Bob 2881,Sales,116770,London,Inactive,10,289
2883,Carol 2882,Legal,50742,Paris,On Leave,20,289
2884,Dave 2883,DevOps,50015,Berlin,Active,2,289
2885,Eve 2884,Engineering,123488,Tokyo,Inactive,20,289
2886,Frank 2885,Marketing,67224,Sydney,On Leave,16,289
2887,Grace 2886,HR,78887,Mumbai,Active,16,289
2888,Heidi 2887,Finance,131404,Toronto,Inactive,11,289
2889,Ivan 2888,Sales,110727,New York,On Leave,3,289
2890,Judy 2889,Legal,75404,London,Active,3,289
2891,Karl 2890,DevOps,83679,Paris,Inactive,1,290
2892,Lisa 2891,Engineering,113254,Berlin,On Leave,15,290
2893,Mike 2892,Marketing,128256,Tokyo,Active,7,290
2894,Nina 2893,HR,51608,Sydney,Inactive,16,290
2895,Oscar 2894,Finance,148844,Mumbai,On Leave,2,290
2896,Pat 2895,Sales,141257,Toronto,Active,12,290
2897,Quinn 2896,Legal,91552,New York,Inactive,2,290
2898,Ruth 2897,DevOps,83515,London,On Leave,10,290
2899,Sam 2898,Engineering,102006,Paris,Active,17,290
2900,Tara 2899,Marketing,82806,Berlin,Inactive,19,290
2901,Uma 2900,HR,142198,Tokyo,On Leave,2,291
2902,Vic 2901,Finance,101046,Sydney,Active,10,291
2903,Wanda 2902,Sales,69864,Mumbai,Inactive,2,291
2904,Xavi 2903,Legal,132517,Toronto,On Leave,18,291
2905,Yara 2904,DevOps,131654,New York,Active,8,291
2906,Zoe 2905,Engineering,82936,London,Inactive,17,291
2907,Aaron 2906,Marketing,149546,Paris,On Leave,12,291
2908,Beth 2907,HR,114772,Berlin,Active,14,291
2909,Carlos 2908,Finance,112812,Tokyo,Inactive,18,291
2910,Dana 2909,Sales,49912,Sydney,On Leave,2,291
2911,Alice 2910,Legal,61590,Mumbai,Active,19,292
2912,Bob 2911,DevOps,111609,Toronto,Inactive,3,292
2913,Carol 2912,Engineering,143365,New York,On Leave,11,292
2914,Dave 2913,Marketing,88888,London,Active,3,292
2915,Eve 2914,HR,72821,Paris,Inactive,5,292
2916,Frank 2915,Finance,104968,Berlin,On Leave,20,292
2917,Grace 2916,Sales,133824,Tokyo,Active,2,292
2918,Heidi 2917,Legal,95917,Sydney,Inactive,20,292
2919,Ivan 2918,DevOps,118770,Mumbai,On Leave,6,292
2920,Judy 2919,Engineering,100206,Toronto,Active,6,292
2921,Karl 2920,Marketing,106846,New York,Inactive,12,293
2922,Lisa 2921,HR,46871,London,On Leave,4,293
2923,Mike 2922,Finance,46351,Paris,Active,13,293
2924,Nina 2923,Sales,95154,Berlin,Inactive,1,293
2925,Oscar 2924,Legal,125002,Tokyo,On Leave,2,293
2926,Pat 2925,DevOps,116298,Sydney,Active,18,293
2927,Quinn 2926,Engineering,115913,Mumbai,Inactive,6,293
2928,Ruth 2927,Marketing,101452,Toronto,On Leave,6,293
2929,Sam 2928,HR,88155,New York,Active,4,293
2930,Tara 2929,Finance,71333,London,Inactive,17,293
2931,Uma 2930,Sales,73854,Paris,On Leave,10,294
2932,Vic 2931,Legal,86367,Berlin,Active,16,294
2933,Wanda 2932,DevOps,121499,Tokyo,Inactive,2,294
2934,Xavi 2933,Engineering,83461,Sydney,On Leave,4,294
2935,Yara 2934,Marketing,80922,Mumbai,Active,8,294
2936,Zoe 2935,HR,109792,Toronto,Inactive,19,294
2937,Aaron 2936,Finance,117795,New York,On Leave,10,294
2938,Beth 2937,Sales,60680,London,Active,2,294
2939,Carlos 2938,Legal,49410,Paris,Inactive,6,294
2940,Dana 2939,DevOps,144317,Berlin,On Leave,2,294
2941,Alice 2940,Engineering,123593,Tokyo,Active,12,295
2942,Bob 2941,Marketing,144071,Sydney,Inactive,1,295
2943,Carol 2942,HR,102677,Mumbai,On Leave,11,295
2944,Dave 2943,Finance,61566,Toronto,Active,4,295
2945,Eve 2944,Sales,111718,New York,Inactive,5,295
2946,Frank 2945,Legal,68056,London,On Leave,20,295
2947,Grace 2946,DevOps,144356,Paris,Active,3,295
2948,Heidi 2947,Engineering,48399,Berlin,Inactive,11,295
2949,Ivan 2948,Marketing,75481,Tokyo,On Leave,11,295
2950,Judy 2949,HR,63850,Sydney,Active,20,295
2951,Karl 2950,Finance,96599,Mumbai,Inactive,15,296
2952,Lisa 2951,Sales,47178,Toronto,On Leave,18,296
2953,Mike 2952,Legal,123073,New York,Active,16,296
2954,Nina 2953,DevOps,50471,London,Inactive,19,296
2955,Oscar 2954,Engineering,103745,Paris,On Leave,6,296
2956,Pat 2955,Marketing,82622,Berlin,Active,10,296
2957,Quinn 2956,HR,140612,Tokyo,Inactive,9,296
2958,Ruth 2957,Finance,60072,Sydney,On Leave,19,296
2959,Sam 2958,Sales,72395,Mumbai,Active,3,296
2960,Tara 2959,Legal,126050,Toronto,Inactive,5,296
2961,Uma 2960,DevOps,73001,New York,On Leave,3,297
2962,Vic 2961,Engineering,114787,London,Active,19,297
2963,Wanda 2962,Marketing,114786,Paris,Inactive,17,297
2964,Xavi 2963,HR,85019,Berlin,On Leave,4,297
2965,Yara 2964,Finance,62795,Tokyo,Active,3,297
2966,Zoe 2965,Sales,141009,Sydney,Inactive,10,297
2967,Aaron 2966,Legal,117712,Mumbai,On Leave,7,297
2968,Beth 2967,DevOps,133189,Toronto,Active,20,297
2969,Carlos 2968,Engineering,131739,New York,Inactive,5,297
2970,Dana 2969,Marketing,94184,London,On Leave,20,297
2971,Alice 2970,HR,146641,Paris,Active,10,298
2972,Bob 2971,Finance,141493,Berlin,Inactive,3,298
2973,Carol 2972,Sales,46002,Tokyo,On Leave,2,298
2974,Dave 2973,Legal,141838,Sydney,Active,15,298
2975,Eve 2974,DevOps,130899,Mumbai,Inactive,14,298
2976,Frank 2975,Engineering,50853,Toronto,On Leave,8,298
2977,Grace 2976,Marketing,115018,New York,Active,8,298
2978,Heidi 2977,HR,52532,London,Inactive,5,298
2979,Ivan 2978,Finance,79231,Paris,On Leave,9,298
2980,Judy 2979,Sales,76248,Berlin,Active,8,298
2981,Karl 2980,Legal,107404,Tokyo,Inactive,2,299
2982,Lisa 2981,DevOps,135616,Sydney,On Leave,4,299
2983,Mike 2982,Engineering,120469,Mumbai,Active,5,299
2984,Nina 2983,Marketing,94346,Toronto,Inactive,11,299
2985,Oscar 2984,HR,56562,New York,On Leave,5,299
2986,Pat 2985,Finance,55750,London,Active,11,299
2987,Quinn 2986,Sales,101171,Paris,Inactive,8,299
2988,Ruth 2987,Legal,135233,Berlin,On Leave,5,299
2989,Sam 2988,DevOps,84362,Tokyo,Active,18,299
2990,Tara 2989,Engineering,144656,Sydney,Inactive,12,299
2991,Uma 2990,Marketing,104318,Mumbai,On Leave,3,300
2992,Vic 2991,HR,139921,Toronto,Active,14,300
2993,Wanda 2992,Finance,81683,New York,Inactive,8,300
2994,Xavi 2993,Sales,138786,London,On Leave,4,300
2995,Yara 2994,Legal,118342,Paris,Active,18,300
2996,Zoe 2995,DevOps,48729,Berlin,Inactive,18,300
2997,Aaron 2996,Engineering,55005,Tokyo,On Leave,18,300
2998,Beth 2997,Marketing,76727,Sydney,Active,10,300
2999,Carlos 2998,HR,96417,Mumbai,Inactive,3,300
3000,Dana 2999,Finance,128240,Toronto,On Leave,6,300
